日付,オーガニック トラフィックと有料のトラフィック,視聴回数
2023-11-01,有料,0
2023-11-02,有料,0
2023-11-03,有料,0
2023-11-04,有料,0
2023-11-05,有料,0
2023-11-06,有料,0
2023-11-07,有料,0
2023-11-08,有料,0
2023-11-09,有料,0
2023-11-10,有料,0
2023-11-11,有料,0
2023-11-12,有料,0
2023-11-13,有料,0
2023-11-14,有料,0
2023-11-15,有料,0
2023-11-16,有料,0
2023-11-17,有料,0
2023-11-18,有料,0
2023-11-19,有料,0
2023-11-20,有料,0
2023-11-21,有料,0
2023-11-22,有料,0
2023-11-23,有料,0
2023-11-24,有料,0
2023-11-25,有料,0
2023-11-26,有料,0
2023-11-27,有料,0
2023-11-28,有料,0
2023-11-29,有料,0
2023-11-30,有料,0
2023-12-01,有料,0
2023-12-02,有料,0
2023-12-03,有料,0
2023-12-04,有料,0
2023-12-05,有料,0
2023-12-06,有料,0
2023-12-07,有料,0
2023-12-08,有料,0
2023-12-09,有料,0
2023-12-10,有料,0
2023-12-11,有料,0
2023-12-12,有料,0
2023-12-13,有料,0
2023-12-14,有料,0
2023-12-15,有料,0
2023-12-16,有料,0
2023-12-17,有料,0
2023-12-18,有料,0
2023-12-19,有料,0
2023-12-20,有料,0
2023-12-21,有料,0
2023-12-22,有料,0
2023-12-23,有料,0
2023-12-24,有料,0
2023-12-25,有料,0
2023-12-26,有料,0
2023-12-27,有料,0
2023-12-28,有料,0
2023-12-29,有料,0
2023-12-30,有料,0
2023-12-31,有料,0
2024-01-01,有料,0
2024-01-02,有料,0
2024-01-03,有料,0
2024-01-04,有料,0
2024-01-05,有料,0
2024-01-06,有料,0
2024-01-07,有料,0
2024-01-08,有料,0
2024-01-09,有料,0
2024-01-10,有料,0
2024-01-11,有料,0
2024-01-12,有料,0
2024-01-13,有料,0
2024-01-14,有料,0
2024-01-15,有料,0
2024-01-16,有料,0
2024-01-17,有料,0
2024-01-18,有料,0
2024-01-19,有料,0
2024-01-20,有料,0
2024-01-21,有料,0
2024-01-22,有料,0
2024-01-23,有料,0
2024-01-24,有料,0
2024-01-25,有料,0
2024-01-26,有料,0
2024-01-27,有料,0
2024-01-28,有料,0
2024-01-29,有料,0
2024-01-30,有料,0
2024-01-31,有料,0
2024-02-01,有料,0
2024-02-02,有料,0
2024-02-03,有料,0
2024-02-04,有料,0
2024-02-05,有料,0
2024-02-06,有料,0
2024-02-07,有料,0
2024-02-08,有料,0
2024-02-09,有料,0
2024-02-10,有料,0
2024-02-11,有料,0
2024-02-12,有料,0
2024-02-13,有料,0
2024-02-14,有料,0
2024-02-15,有料,0
2024-02-16,有料,0
2024-02-17,有料,0
2024-02-18,有料,0
2024-02-19,有料,0
2024-02-20,有料,0
2024-02-21,有料,0
2024-02-22,有料,0
2024-02-23,有料,0
2024-02-24,有料,0
2024-02-25,有料,0
2024-02-26,有料,0
2024-02-27,有料,0
2024-02-28,有料,0
2024-02-29,有料,0
2024-03-01,有料,0
2024-03-02,有料,0
2024-03-03,有料,0
2024-03-04,有料,0
2024-03-05,有料,0
2024-03-06,有料,0
2024-03-07,有料,0
2024-03-08,有料,0
2024-03-09,有料,0
2024-03-10,有料,0
2024-03-11,有料,0
2024-03-12,有料,0
2024-03-13,有料,0
2024-03-14,有料,0
2024-03-15,有料,0
2024-03-16,有料,0
2024-03-17,有料,0
2024-03-18,有料,0
2024-03-19,有料,0
2024-03-20,有料,0
2024-03-21,有料,0
2024-03-22,有料,0
2024-03-23,有料,0
2024-03-24,有料,0
2024-03-25,有料,0
2024-03-26,有料,0
2024-03-27,有料,0
2024-03-28,有料,0
2024-03-29,有料,0
2024-03-30,有料,0
2024-03-31,有料,0
2024-04-01,有料,0
2024-04-02,有料,0
2024-04-03,有料,0
2024-04-04,有料,0
2024-04-05,有料,0
2024-04-06,有料,0
2024-04-07,有料,0
2024-04-08,有料,0
2024-04-09,有料,0
2024-04-10,有料,0
2024-04-11,有料,0
2024-04-12,有料,0
2024-04-13,有料,0
2024-04-14,有料,0
2024-04-15,有料,0
2024-04-16,有料,0
2024-04-17,有料,0
2024-04-18,有料,0
2024-04-19,有料,0
2024-04-20,有料,0
2024-04-21,有料,0
2024-04-22,有料,0
2024-04-23,有料,0
2024-04-24,有料,0
2024-04-25,有料,0
2024-04-26,有料,0
2024-04-27,有料,0
2024-04-28,有料,0
2024-04-29,有料,0
2024-04-30,有料,0
2024-05-01,有料,0
2024-05-02,有料,0
2024-05-03,有料,0
2024-05-04,有料,0
2024-05-05,有料,0
2024-05-06,有料,0
2024-05-07,有料,0
2024-05-08,有料,0
2024-05-09,有料,0
2024-05-10,有料,0
2024-05-11,有料,0
2024-05-12,有料,0
2024-05-13,有料,0
2024-05-14,有料,0
2024-05-15,有料,0
2024-05-16,有料,0
2024-05-17,有料,0
2024-05-18,有料,0
2024-05-19,有料,0
2024-05-20,有料,0
2024-05-21,有料,0
2024-05-22,有料,0
2024-05-23,有料,0
2024-05-24,有料,0
2024-05-25,有料,0
2024-05-26,有料,0
2024-05-27,有料,0
2024-05-28,有料,0
2024-05-29,有料,0
2024-05-30,有料,0
2024-05-31,有料,0
2024-06-01,有料,0
2024-06-02,有料,0
2024-06-03,有料,0
2024-06-04,有料,0
2024-06-05,有料,0
2024-06-06,有料,0
2024-06-07,有料,0
2024-06-08,有料,0
2024-06-09,有料,0
2024-06-10,有料,0
2024-06-11,有料,0
2024-06-12,有料,0
2024-06-13,有料,0
2024-06-14,有料,0
2024-06-15,有料,0
2024-06-16,有料,0
2024-06-17,有料,0
2024-06-18,有料,0
2024-06-19,有料,0
2024-06-20,有料,0
2024-06-21,有料,0
2024-06-22,有料,0
2024-06-23,有料,0
2024-06-24,有料,0
2024-06-25,有料,0
2024-06-26,有料,0
2024-06-27,有料,0
2024-06-28,有料,0
2024-06-29,有料,0
2024-06-30,有料,0
2024-07-01,有料,0
2024-07-02,有料,0
2024-07-03,有料,0
2024-07-04,有料,0
2024-07-05,有料,0
2024-07-06,有料,0
2024-07-07,有料,0
2024-07-08,有料,0
2024-07-09,有料,0
2024-07-10,有料,0
2024-07-11,有料,0
2024-07-12,有料,0
2024-07-13,有料,0
2024-07-14,有料,0
2024-07-15,有料,0
2024-07-16,有料,0
2024-07-17,有料,0
2024-07-18,有料,0
2024-07-19,有料,0
2024-07-20,有料,0
2024-07-21,有料,0
2024-07-22,有料,0
2024-07-23,有料,0
2024-07-24,有料,0
2024-07-25,有料,0
2024-07-26,有料,0
2024-07-27,有料,0
2024-07-28,有料,0
2024-07-29,有料,0
2024-07-30,有料,0
2024-07-31,有料,0
2024-08-01,有料,0
2024-08-02,有料,0
2024-08-03,有料,0
2024-08-04,有料,0
2024-08-05,有料,0
2024-08-06,有料,0
2024-08-07,有料,0
2024-08-08,有料,0
2024-08-09,有料,0
2024-08-10,有料,0
2024-08-11,有料,0
2024-08-12,有料,0
2024-08-13,有料,0
2024-08-14,有料,0
2024-08-15,有料,0
2024-08-16,有料,0
2024-08-17,有料,0
2024-08-18,有料,0
2024-08-19,有料,0
2024-08-20,有料,0
2024-08-21,有料,0
2024-08-22,有料,0
2024-08-23,有料,0
2024-08-24,有料,0
2024-08-25,有料,0
2024-08-26,有料,0
2024-08-27,有料,0
2024-08-28,有料,0
2024-08-29,有料,0
2024-08-30,有料,0
2024-08-31,有料,0
2024-09-01,有料,0
2024-09-02,有料,0
2024-09-03,有料,0
2024-09-04,有料,0
2024-09-05,有料,0
2024-09-06,有料,0
2024-09-07,有料,0
2024-09-08,有料,0
2024-09-09,有料,0
2024-09-10,有料,0
2024-09-11,有料,0
2024-09-12,有料,0
2024-09-13,有料,0
2024-09-14,有料,0
2024-09-15,有料,0
2024-09-16,有料,0
2024-09-17,有料,0
2024-09-18,有料,0
2024-09-19,有料,0
2024-09-20,有料,0
2024-09-21,有料,0
2024-09-22,有料,0
2024-09-23,有料,0
2024-09-24,有料,0
2024-09-25,有料,0
2024-09-26,有料,0
2024-09-27,有料,0
2024-09-28,有料,0
2024-09-29,有料,0
2024-09-30,有料,0
2024-10-01,有料,0
2024-10-02,有料,0
2024-10-03,有料,0
2024-10-04,有料,0
2024-10-05,有料,0
2024-10-06,有料,0
2024-10-07,有料,0
2024-10-08,有料,0
2024-10-09,有料,0
2024-10-10,有料,0
2024-10-11,有料,0
2024-10-12,有料,0
2024-10-13,有料,0
2024-10-14,有料,0
2024-10-15,有料,0
2024-10-16,有料,0
2024-10-17,有料,0
2024-10-18,有料,0
2024-10-19,有料,0
2024-10-20,有料,0
2024-10-21,有料,0
2024-10-22,有料,0
2024-10-23,有料,0
2024-10-24,有料,0
2024-10-25,有料,0
2024-10-26,有料,0
2024-10-27,有料,0
2024-10-28,有料,0
2024-10-29,有料,0
2024-10-30,有料,0
2024-10-31,有料,0
2024-11-01,有料,0
2024-11-02,有料,0
2024-11-03,有料,0
2024-11-04,有料,0
2024-11-05,有料,0
2024-11-06,有料,0
2024-11-07,有料,0
2024-11-08,有料,0
2024-11-09,有料,0
2024-11-10,有料,0
2024-11-11,有料,0
2024-11-12,有料,0
2024-11-13,有料,0
2024-11-14,有料,0
2024-11-15,有料,0
2024-11-16,有料,0
2024-11-17,有料,0
2024-11-18,有料,0
2024-11-19,有料,0
2024-11-20,有料,0
2024-11-21,有料,0
2024-11-22,有料,0
2024-11-23,有料,0
2024-11-24,有料,0
2024-11-25,有料,0
2024-11-26,有料,0
2024-11-27,有料,0
2024-11-28,有料,0
2024-11-29,有料,0
2024-11-30,有料,0
2024-12-01,有料,0
2024-12-02,有料,0
2024-12-03,有料,0
2024-12-04,有料,0
2024-12-05,有料,0
2024-12-06,有料,0
2024-12-07,有料,0
2024-12-08,有料,0
2024-12-09,有料,0
2024-12-10,有料,0
2024-12-11,有料,0
2024-12-12,有料,0
2024-12-13,有料,0
2024-12-14,有料,0
2024-12-15,有料,0
2024-12-16,有料,0
2024-12-17,有料,0
2024-12-18,有料,0
2024-12-19,有料,0
2024-12-20,有料,0
2024-12-21,有料,0
2024-12-22,有料,0
2024-12-23,有料,0
2024-12-24,有料,0
2024-12-25,有料,0
2024-12-26,有料,0
2024-12-27,有料,0
2024-12-28,有料,0
2024-12-29,有料,0
2024-12-30,有料,0
2024-12-31,有料,0
2025-01-01,有料,0
2025-01-02,有料,0
2025-01-03,有料,0
2025-01-04,有料,0
2025-01-05,有料,0
2025-01-06,有料,0
2025-01-07,有料,0
2025-01-08,有料,0
2025-01-09,有料,0
2025-01-10,有料,0
2025-01-11,有料,0
2025-01-12,有料,0
2025-01-13,有料,0
2025-01-14,有料,0
2025-01-15,有料,0
2025-01-16,有料,0
2025-01-17,有料,0
2025-01-18,有料,0
2025-01-19,有料,0
2025-01-20,有料,0
2025-01-21,有料,0
2025-01-22,有料,0
2025-01-23,有料,0
2025-01-24,有料,0
2025-01-25,有料,0
2025-01-26,有料,0
2025-01-27,有料,0
2025-01-28,有料,0
2025-01-29,有料,0
2025-01-30,有料,0
2025-01-31,有料,0
2025-02-01,有料,0
2025-02-02,有料,0
2025-02-03,有料,0
2025-02-04,有料,0
2025-02-05,有料,0
2025-02-06,有料,0
2025-02-07,有料,0
2025-02-08,有料,0
2025-02-09,有料,0
2025-02-10,有料,0
2025-02-11,有料,0
2025-02-12,有料,0
2025-02-13,有料,0
2025-02-14,有料,0
2025-02-15,有料,0
2025-02-16,有料,0
2025-02-17,有料,0
2025-02-18,有料,0
2025-02-19,有料,0
2025-02-20,有料,0
2025-02-21,有料,0
2025-02-22,有料,0
2025-02-23,有料,0
2025-02-24,有料,0
2025-02-25,有料,0
2025-02-26,有料,0
2025-02-27,有料,0
2025-02-28,有料,0
2025-03-01,有料,0
2025-03-02,有料,0
2025-03-03,有料,0
2025-03-04,有料,0
2025-03-05,有料,0
2025-03-06,有料,0
2025-03-07,有料,0
2025-03-08,有料,0
2025-03-09,有料,0
2025-03-10,有料,0
2025-03-11,有料,0
2025-03-12,有料,0
2025-03-13,有料,0
2025-03-14,有料,0
2025-03-15,有料,0
2025-03-16,有料,0
2025-03-17,有料,0
2025-03-18,有料,0
2025-03-19,有料,0
2025-03-20,有料,0
2025-03-21,有料,0
2025-03-22,有料,0
2025-03-23,有料,0
2025-03-24,有料,0
2025-03-25,有料,0
2025-03-26,有料,0
2025-03-27,有料,0
2025-03-28,有料,0
2025-03-29,有料,0
2025-03-30,有料,0
2025-03-31,有料,0
2025-04-01,有料,0
2025-04-02,有料,0
2025-04-03,有料,0
2025-04-04,有料,0
2025-04-05,有料,0
2025-04-06,有料,0
2025-04-07,有料,0
2025-04-08,有料,0
2025-04-09,有料,0
2025-04-10,有料,0
2025-04-11,有料,0
2025-04-12,有料,0
2025-04-13,有料,0
2025-04-14,有料,0
2025-04-15,有料,0
2025-04-16,有料,0
2025-04-17,有料,0
2025-04-18,有料,0
2025-04-19,有料,0
2025-04-20,有料,0
2025-04-21,有料,0
2025-04-22,有料,0
2025-04-23,有料,0
2025-04-24,有料,0
2025-04-25,有料,0
2025-04-26,有料,0
2025-04-27,有料,0
2025-04-28,有料,0
2025-04-29,有料,0
2025-04-30,有料,0
2025-05-01,有料,0
2025-05-02,有料,0
2025-05-03,有料,0
2025-05-04,有料,0
2025-05-05,有料,0
2025-05-06,有料,0
2025-05-07,有料,0
2025-05-08,有料,0
2025-05-09,有料,0
2025-05-10,有料,0
2025-05-11,有料,0
2025-05-12,有料,0
2025-05-13,有料,0
2025-05-14,有料,0
2025-05-15,有料,0
2025-05-16,有料,0
2025-05-17,有料,0
2025-05-18,有料,0
2025-05-19,有料,0
2025-05-20,有料,0
2025-05-21,有料,0
2025-05-22,有料,0
2025-05-23,有料,0
2025-05-24,有料,0
2025-05-25,有料,0
2025-05-26,有料,0
2025-05-27,有料,0
2025-05-28,有料,0
2025-05-29,有料,0
2025-05-30,有料,0
2025-05-31,有料,0
2025-06-01,有料,0
2025-06-02,有料,0
2025-06-03,有料,0
2025-06-04,有料,0
2025-06-05,有料,0
2025-06-06,有料,0
2025-06-07,有料,0
2025-06-08,有料,0
2025-06-09,有料,0
2025-06-10,有料,0
2025-06-11,有料,0
2025-06-12,有料,0
2025-06-13,有料,0
2025-06-14,有料,0
2025-06-15,有料,0
2025-06-16,有料,0
2025-06-17,有料,0
2025-06-18,有料,0
2025-06-19,有料,0
2025-06-20,有料,0
2025-06-21,有料,0
2025-06-22,有料,0
2025-06-23,有料,0
2025-06-24,有料,0
2025-06-25,有料,0
2025-06-26,有料,0
2025-06-27,有料,0
2025-06-28,有料,0
2025-06-29,有料,0
2025-06-30,有料,0
2025-07-01,有料,0
2025-07-02,有料,0
2025-07-03,有料,0
2025-07-04,有料,0
2025-07-05,有料,0
2025-07-06,有料,0
2025-07-07,有料,0
2025-07-08,有料,0
2025-07-09,有料,0
2025-07-10,有料,0
2025-07-11,有料,0
2025-07-12,有料,0
2025-07-13,有料,0
2025-07-14,有料,0
2025-07-15,有料,0
2025-07-16,有料,0
2025-07-17,有料,0
2025-07-18,有料,0
2025-07-19,有料,0
2025-07-20,有料,0
2025-07-21,有料,0
2025-07-22,有料,0
2025-07-23,有料,0
2025-07-24,有料,0
2025-07-25,有料,0
2025-07-26,有料,0
2025-07-27,有料,0
2025-07-28,有料,0
2025-07-29,有料,0
2025-07-30,有料,0
2025-07-31,有料,0
2025-08-01,有料,0
2025-08-02,有料,0
2025-08-03,有料,0
2025-08-04,有料,0
2025-08-05,有料,0
2025-08-06,有料,0
2025-08-07,有料,0
2025-08-08,有料,0
2025-08-09,有料,0
2025-08-10,有料,0
2025-08-11,有料,0
2025-08-12,有料,0
2025-08-13,有料,0
2025-08-14,有料,0
2025-08-15,有料,0
2025-08-16,有料,0
2025-08-17,有料,0
2025-08-18,有料,0
2025-08-19,有料,0
2025-08-20,有料,0
2025-08-21,有料,0
2025-08-22,有料,371
2025-08-23,有料,312
2025-08-24,有料,317
2025-08-25,有料,248
2025-08-26,有料,310
2025-08-27,有料,310
2025-08-28,有料,2142
2025-08-29,有料,1965
2025-08-30,有料,1593
2025-08-31,有料,1221
2025-09-01,有料,1411
2025-09-02,有料,1314
2025-09-03,有料,886
2025-09-04,有料,2152
2025-09-05,有料,3151
2025-09-06,有料,2279
2025-09-07,有料,2338
2025-09-08,有料,2208
2025-09-09,有料,2039
2025-09-10,有料,1124
2025-09-11,有料,3053
2025-09-12,有料,2769
2025-09-13,有料,2250
2025-09-14,有料,2395
2025-09-15,有料,1162
2025-09-16,有料,1625
2025-09-17,有料,694
2025-09-18,有料,950
2025-09-19,有料,3968
2025-09-20,有料,2076
2025-09-21,有料,928
2025-09-22,有料,2893
2025-09-23,有料,1894
2025-09-24,有料,814
2025-09-25,有料,660
2025-09-26,有料,1784
2025-09-27,有料,1737
2025-09-28,有料,744
2025-09-29,有料,482
2025-09-30,有料,543
2025-10-01,有料,584
2025-10-02,有料,32466
2025-10-03,有料,41770
2025-10-04,有料,39313
2025-10-05,有料,30804
2025-10-06,有料,18063
2025-10-07,有料,10098
2025-10-08,有料,11062
2025-10-09,有料,13698
2025-10-10,有料,33728
2025-10-11,有料,75195
2025-10-12,有料,66242
2025-10-13,有料,8979
2025-10-14,有料,7179
2025-10-15,有料,8409
2025-10-16,有料,21627
2025-10-17,有料,41111
2025-10-18,有料,52832
2025-10-19,有料,43082
2025-10-20,有料,13834
2025-10-21,有料,12022
2025-10-22,有料,10787
2025-10-23,有料,9564
2025-10-24,有料,23408
2025-10-25,有料,79691
2025-10-26,有料,39319
2025-10-27,有料,16755
2025-10-28,有料,26236
2025-10-29,有料,72231
2025-10-30,有料,86931
2025-10-31,有料,52105
2025-11-01,有料,25454
2025-11-02,有料,52007
2025-11-03,有料,34342
2025-11-04,有料,39369
2025-11-05,有料,19496
2025-11-06,有料,9137
2025-11-07,有料,20255
2025-11-08,有料,29053
2025-11-09,有料,16266
2025-11-10,有料,12424
2025-11-11,有料,18952
2025-11-12,有料,19090
2025-11-13,有料,18565
2025-11-14,有料,37882
2025-11-15,有料,95175
2025-11-16,有料,18334
2025-11-17,有料,27451
2025-11-18,有料,21307
2025-11-19,有料,18998
2025-11-20,有料,19430
2025-11-21,有料,57359
2025-11-22,有料,24924
2025-11-23,有料,19648
2025-11-24,有料,11683
2025-11-25,有料,9038
2025-11-26,有料,12629
2025-11-27,有料,16246
2025-11-28,有料,51984
2025-11-29,有料,35310
2025-11-30,有料,21743
2025-12-01,有料,24392
2025-12-02,有料,35234
2025-12-03,有料,46197
2025-12-04,有料,32681
2025-12-05,有料,77923
2025-12-06,有料,98335
2025-12-07,有料,43247
2025-12-08,有料,37989
2025-12-09,有料,53426
2025-12-10,有料,65237
2025-12-11,有料,45107
2025-12-12,有料,49823
2025-12-13,有料,30554
2025-12-14,有料,13981
2025-12-15,有料,14909
2023-11-01,オーガニック,0
2023-11-02,オーガニック,0
2023-11-03,オーガニック,0
2023-11-04,オーガニック,0
2023-11-05,オーガニック,0
2023-11-06,オーガニック,0
2023-11-07,オーガニック,0
2023-11-08,オーガニック,0
2023-11-09,オーガニック,0
2023-11-10,オーガニック,0
2023-11-11,オーガニック,0
2023-11-12,オーガニック,0
2023-11-13,オーガニック,0
2023-11-14,オーガニック,0
2023-11-15,オーガニック,0
2023-11-16,オーガニック,0
2023-11-17,オーガニック,0
2023-11-18,オーガニック,0
2023-11-19,オーガニック,0
2023-11-20,オーガニック,0
2023-11-21,オーガニック,0
2023-11-22,オーガニック,0
2023-11-23,オーガニック,0
2023-11-24,オーガニック,0
2023-11-25,オーガニック,0
2023-11-26,オーガニック,0
2023-11-27,オーガニック,0
2023-11-28,オーガニック,0
2023-11-29,オーガニック,0
2023-11-30,オーガニック,0
2023-12-01,オーガニック,0
2023-12-02,オーガニック,0
2023-12-03,オーガニック,0
2023-12-04,オーガニック,0
2023-12-05,オーガニック,0
2023-12-06,オーガニック,0
2023-12-07,オーガニック,0
2023-12-08,オーガニック,0
2023-12-09,オーガニック,0
2023-12-10,オーガニック,0
2023-12-11,オーガニック,0
2023-12-12,オーガニック,0
2023-12-13,オーガニック,0
2023-12-14,オーガニック,0
2023-12-15,オーガニック,0
2023-12-16,オーガニック,0
2023-12-17,オーガニック,0
2023-12-18,オーガニック,0
2023-12-19,オーガニック,0
2023-12-20,オーガニック,0
2023-12-21,オーガニック,0
2023-12-22,オーガニック,0
2023-12-23,オーガニック,0
2023-12-24,オーガニック,0
2023-12-25,オーガニック,0
2023-12-26,オーガニック,0
2023-12-27,オーガニック,0
2023-12-28,オーガニック,0
2023-12-29,オーガニック,0
2023-12-30,オーガニック,0
2023-12-31,オーガニック,0
2024-01-01,オーガニック,0
2024-01-02,オーガニック,0
2024-01-03,オーガニック,0
2024-01-04,オーガニック,0
2024-01-05,オーガニック,0
2024-01-06,オーガニック,0
2024-01-07,オーガニック,0
2024-01-08,オーガニック,0
2024-01-09,オーガニック,0
2024-01-10,オーガニック,0
2024-01-11,オーガニック,0
2024-01-12,オーガニック,0
2024-01-13,オーガニック,0
2024-01-14,オーガニック,0
2024-01-15,オーガニック,0
2024-01-16,オーガニック,0
2024-01-17,オーガニック,0
2024-01-18,オーガニック,0
2024-01-19,オーガニック,0
2024-01-20,オーガニック,0
2024-01-21,オーガニック,0
2024-01-22,オーガニック,0
2024-01-23,オーガニック,0
2024-01-24,オーガニック,0
2024-01-25,オーガニック,0
2024-01-26,オーガニック,0
2024-01-27,オーガニック,0
2024-01-28,オーガニック,0
2024-01-29,オーガニック,0
2024-01-30,オーガニック,0
2024-01-31,オーガニック,0
2024-02-01,オーガニック,0
2024-02-02,オーガニック,0
2024-02-03,オーガニック,0
2024-02-04,オーガニック,0
2024-02-05,オーガニック,0
2024-02-06,オーガニック,0
2024-02-07,オーガニック,0
2024-02-08,オーガニック,0
2024-02-09,オーガニック,0
2024-02-10,オーガニック,0
2024-02-11,オーガニック,0
2024-02-12,オーガニック,0
2024-02-13,オーガニック,0
2024-02-14,オーガニック,0
2024-02-15,オーガニック,0
2024-02-16,オーガニック,0
2024-02-17,オーガニック,0
2024-02-18,オーガニック,0
2024-02-19,オーガニック,0
2024-02-20,オーガニック,0
2024-02-21,オーガニック,0
2024-02-22,オーガニック,0
2024-02-23,オーガニック,0
2024-02-24,オーガニック,0
2024-02-25,オーガニック,0
2024-02-26,オーガニック,0
2024-02-27,オーガニック,0
2024-02-28,オーガニック,0
2024-02-29,オーガニック,0
2024-03-01,オーガニック,0
2024-03-02,オーガニック,0
2024-03-03,オーガニック,0
2024-03-04,オーガニック,0
2024-03-05,オーガニック,0
2024-03-06,オーガニック,0
2024-03-07,オーガニック,0
2024-03-08,オーガニック,0
2024-03-09,オーガニック,0
2024-03-10,オーガニック,0
2024-03-11,オーガニック,0
2024-03-12,オーガニック,0
2024-03-13,オーガニック,0
2024-03-14,オーガニック,0
2024-03-15,オーガニック,0
2024-03-16,オーガニック,0
2024-03-17,オーガニック,0
2024-03-18,オーガニック,0
2024-03-19,オーガニック,0
2024-03-20,オーガニック,0
2024-03-21,オーガニック,0
2024-03-22,オーガニック,0
2024-03-23,オーガニック,0
2024-03-24,オーガニック,0
2024-03-25,オーガニック,0
2024-03-26,オーガニック,0
2024-03-27,オーガニック,0
2024-03-28,オーガニック,0
2024-03-29,オーガニック,0
2024-03-30,オーガニック,0
2024-03-31,オーガニック,0
2024-04-01,オーガニック,0
2024-04-02,オーガニック,0
2024-04-03,オーガニック,0
2024-04-04,オーガニック,0
2024-04-05,オーガニック,0
2024-04-06,オーガニック,0
2024-04-07,オーガニック,0
2024-04-08,オーガニック,0
2024-04-09,オーガニック,0
2024-04-10,オーガニック,0
2024-04-11,オーガニック,0
2024-04-12,オーガニック,0
2024-04-13,オーガニック,0
2024-04-14,オーガニック,0
2024-04-15,オーガニック,0
2024-04-16,オーガニック,0
2024-04-17,オーガニック,0
2024-04-18,オーガニック,0
2024-04-19,オーガニック,0
2024-04-20,オーガニック,0
2024-04-21,オーガニック,0
2024-04-22,オーガニック,0
2024-04-23,オーガニック,0
2024-04-24,オーガニック,0
2024-04-25,オーガニック,0
2024-04-26,オーガニック,0
2024-04-27,オーガニック,0
2024-04-28,オーガニック,0
2024-04-29,オーガニック,0
2024-04-30,オーガニック,0
2024-05-01,オーガニック,0
2024-05-02,オーガニック,0
2024-05-03,オーガニック,0
2024-05-04,オーガニック,0
2024-05-05,オーガニック,0
2024-05-06,オーガニック,0
2024-05-07,オーガニック,0
2024-05-08,オーガニック,0
2024-05-09,オーガニック,0
2024-05-10,オーガニック,0
2024-05-11,オーガニック,0
2024-05-12,オーガニック,0
2024-05-13,オーガニック,0
2024-05-14,オーガニック,0
2024-05-15,オーガニック,0
2024-05-16,オーガニック,0
2024-05-17,オーガニック,0
2024-05-18,オーガニック,0
2024-05-19,オーガニック,0
2024-05-20,オーガニック,0
2024-05-21,オーガニック,0
2024-05-22,オーガニック,0
2024-05-23,オーガニック,0
2024-05-24,オーガニック,0
2024-05-25,オーガニック,0
2024-05-26,オーガニック,0
2024-05-27,オーガニック,0
2024-05-28,オーガニック,0
2024-05-29,オーガニック,0
2024-05-30,オーガニック,0
2024-05-31,オーガニック,0
2024-06-01,オーガニック,0
2024-06-02,オーガニック,0
2024-06-03,オーガニック,0
2024-06-04,オーガニック,0
2024-06-05,オーガニック,0
2024-06-06,オーガニック,0
2024-06-07,オーガニック,0
2024-06-08,オーガニック,0
2024-06-09,オーガニック,0
2024-06-10,オーガニック,0
2024-06-11,オーガニック,0
2024-06-12,オーガニック,0
2024-06-13,オーガニック,0
2024-06-14,オーガニック,0
2024-06-15,オーガニック,0
2024-06-16,オーガニック,0
2024-06-17,オーガニック,0
2024-06-18,オーガニック,0
2024-06-19,オーガニック,0
2024-06-20,オーガニック,0
2024-06-21,オーガニック,0
2024-06-22,オーガニック,0
2024-06-23,オーガニック,0
2024-06-24,オーガニック,0
2024-06-25,オーガニック,0
2024-06-26,オーガニック,0
2024-06-27,オーガニック,0
2024-06-28,オーガニック,0
2024-06-29,オーガニック,0
2024-06-30,オーガニック,0
2024-07-01,オーガニック,0
2024-07-02,オーガニック,0
2024-07-03,オーガニック,0
2024-07-04,オーガニック,0
2024-07-05,オーガニック,0
2024-07-06,オーガニック,0
2024-07-07,オーガニック,0
2024-07-08,オーガニック,0
2024-07-09,オーガニック,0
2024-07-10,オーガニック,0
2024-07-11,オーガニック,0
2024-07-12,オーガニック,0
2024-07-13,オーガニック,0
2024-07-14,オーガニック,0
2024-07-15,オーガニック,0
2024-07-16,オーガニック,0
2024-07-17,オーガニック,0
2024-07-18,オーガニック,0
2024-07-19,オーガニック,0
2024-07-20,オーガニック,0
2024-07-21,オーガニック,0
2024-07-22,オーガニック,0
2024-07-23,オーガニック,0
2024-07-24,オーガニック,0
2024-07-25,オーガニック,0
2024-07-26,オーガニック,0
2024-07-27,オーガニック,0
2024-07-28,オーガニック,0
2024-07-29,オーガニック,0
2024-07-30,オーガニック,0
2024-07-31,オーガニック,0
2024-08-01,オーガニック,0
2024-08-02,オーガニック,0
2024-08-03,オーガニック,0
2024-08-04,オーガニック,0
2024-08-05,オーガニック,0
2024-08-06,オーガニック,0
2024-08-07,オーガニック,0
2024-08-08,オーガニック,0
2024-08-09,オーガニック,0
2024-08-10,オーガニック,0
2024-08-11,オーガニック,0
2024-08-12,オーガニック,0
2024-08-13,オーガニック,0
2024-08-14,オーガニック,0
2024-08-15,オーガニック,0
2024-08-16,オーガニック,0
2024-08-17,オーガニック,0
2024-08-18,オーガニック,0
2024-08-19,オーガニック,0
2024-08-20,オーガニック,0
2024-08-21,オーガニック,0
2024-08-22,オーガニック,0
2024-08-23,オーガニック,0
2024-08-24,オーガニック,0
2024-08-25,オーガニック,0
2024-08-26,オーガニック,0
2024-08-27,オーガニック,0
2024-08-28,オーガニック,0
2024-08-29,オーガニック,0
2024-08-30,オーガニック,0
2024-08-31,オーガニック,0
2024-09-01,オーガニック,0
2024-09-02,オーガニック,0
2024-09-03,オーガニック,0
2024-09-04,オーガニック,0
2024-09-05,オーガニック,0
2024-09-06,オーガニック,0
2024-09-07,オーガニック,0
2024-09-08,オーガニック,0
2024-09-09,オーガニック,0
2024-09-10,オーガニック,0
2024-09-11,オーガニック,0
2024-09-12,オーガニック,0
2024-09-13,オーガニック,0
2024-09-14,オーガニック,0
2024-09-15,オーガニック,0
2024-09-16,オーガニック,0
2024-09-17,オーガニック,0
2024-09-18,オーガニック,0
2024-09-19,オーガニック,0
2024-09-20,オーガニック,0
2024-09-21,オーガニック,0
2024-09-22,オーガニック,0
2024-09-23,オーガニック,0
2024-09-24,オーガニック,0
2024-09-25,オーガニック,0
2024-09-26,オーガニック,0
2024-09-27,オーガニック,0
2024-09-28,オーガニック,0
2024-09-29,オーガニック,0
2024-09-30,オーガニック,0
2024-10-01,オーガニック,0
2024-10-02,オーガニック,0
2024-10-03,オーガニック,0
2024-10-04,オーガニック,0
2024-10-05,オーガニック,0
2024-10-06,オーガニック,0
2024-10-07,オーガニック,0
2024-10-08,オーガニック,0
2024-10-09,オーガニック,0
2024-10-10,オーガニック,0
2024-10-11,オーガニック,0
2024-10-12,オーガニック,0
2024-10-13,オーガニック,0
2024-10-14,オーガニック,0
2024-10-15,オーガニック,0
2024-10-16,オーガニック,0
2024-10-17,オーガニック,0
2024-10-18,オーガニック,0
2024-10-19,オーガニック,0
2024-10-20,オーガニック,0
2024-10-21,オーガニック,0
2024-10-22,オーガニック,0
2024-10-23,オーガニック,0
2024-10-24,オーガニック,0
2024-10-25,オーガニック,0
2024-10-26,オーガニック,0
2024-10-27,オーガニック,0
2024-10-28,オーガニック,0
2024-10-29,オーガニック,0
2024-10-30,オーガニック,0
2024-10-31,オーガニック,0
2024-11-01,オーガニック,0
2024-11-02,オーガニック,0
2024-11-03,オーガニック,0
2024-11-04,オーガニック,0
2024-11-05,オーガニック,0
2024-11-06,オーガニック,0
2024-11-07,オーガニック,0
2024-11-08,オーガニック,0
2024-11-09,オーガニック,0
2024-11-10,オーガニック,0
2024-11-11,オーガニック,0
2024-11-12,オーガニック,0
2024-11-13,オーガニック,0
2024-11-14,オーガニック,0
2024-11-15,オーガニック,0
2024-11-16,オーガニック,0
2024-11-17,オーガニック,0
2024-11-18,オーガニック,0
2024-11-19,オーガニック,0
2024-11-20,オーガニック,0
2024-11-21,オーガニック,0
2024-11-22,オーガニック,0
2024-11-23,オーガニック,0
2024-11-24,オーガニック,0
2024-11-25,オーガニック,0
2024-11-26,オーガニック,0
2024-11-27,オーガニック,0
2024-11-28,オーガニック,0
2024-11-29,オーガニック,0
2024-11-30,オーガニック,0
2024-12-01,オーガニック,0
2024-12-02,オーガニック,0
2024-12-03,オーガニック,0
2024-12-04,オーガニック,0
2024-12-05,オーガニック,0
2024-12-06,オーガニック,0
2024-12-07,オーガニック,0
2024-12-08,オーガニック,0
2024-12-09,オーガニック,0
2024-12-10,オーガニック,0
2024-12-11,オーガニック,0
2024-12-12,オーガニック,0
2024-12-13,オーガニック,0
2024-12-14,オーガニック,0
2024-12-15,オーガニック,0
2024-12-16,オーガニック,0
2024-12-17,オーガニック,0
2024-12-18,オーガニック,0
2024-12-19,オーガニック,0
2024-12-20,オーガニック,0
2024-12-21,オーガニック,0
2024-12-22,オーガニック,0
2024-12-23,オーガニック,0
2024-12-24,オーガニック,0
2024-12-25,オーガニック,0
2024-12-26,オーガニック,0
2024-12-27,オーガニック,0
2024-12-28,オーガニック,0
2024-12-29,オーガニック,0
2024-12-30,オーガニック,0
2024-12-31,オーガニック,0
2025-01-01,オーガニック,0
2025-01-02,オーガニック,0
2025-01-03,オーガニック,0
2025-01-04,オーガニック,0
2025-01-05,オーガニック,0
2025-01-06,オーガニック,0
2025-01-07,オーガニック,0
2025-01-08,オーガニック,0
2025-01-09,オーガニック,0
2025-01-10,オーガニック,0
2025-01-11,オーガニック,0
2025-01-12,オーガニック,0
2025-01-13,オーガニック,0
2025-01-14,オーガニック,0
2025-01-15,オーガニック,0
2025-01-16,オーガニック,0
2025-01-17,オーガニック,0
2025-01-18,オーガニック,0
2025-01-19,オーガニック,0
2025-01-20,オーガニック,0
2025-01-21,オーガニック,0
2025-01-22,オーガニック,0
2025-01-23,オーガニック,0
2025-01-24,オーガニック,0
2025-01-25,オーガニック,0
2025-01-26,オーガニック,0
2025-01-27,オーガニック,0
2025-01-28,オーガニック,0
2025-01-29,オーガニック,0
2025-01-30,オーガニック,0
2025-01-31,オーガニック,0
2025-02-01,オーガニック,0
2025-02-02,オーガニック,0
2025-02-03,オーガニック,0
2025-02-04,オーガニック,0
2025-02-05,オーガニック,0
2025-02-06,オーガニック,0
2025-02-07,オーガニック,0
2025-02-08,オーガニック,0
2025-02-09,オーガニック,0
2025-02-10,オーガニック,0
2025-02-11,オーガニック,0
2025-02-12,オーガニック,0
2025-02-13,オーガニック,0
2025-02-14,オーガニック,0
2025-02-15,オーガニック,0
2025-02-16,オーガニック,0
2025-02-17,オーガニック,0
2025-02-18,オーガニック,0
2025-02-19,オーガニック,0
2025-02-20,オーガニック,0
2025-02-21,オーガニック,0
2025-02-22,オーガニック,0
2025-02-23,オーガニック,0
2025-02-24,オーガニック,0
2025-02-25,オーガニック,0
2025-02-26,オーガニック,0
2025-02-27,オーガニック,0
2025-02-28,オーガニック,0
2025-03-01,オーガニック,0
2025-03-02,オーガニック,0
2025-03-03,オーガニック,0
2025-03-04,オーガニック,0
2025-03-05,オーガニック,0
2025-03-06,オーガニック,0
2025-03-07,オーガニック,0
2025-03-08,オーガニック,0
2025-03-09,オーガニック,0
2025-03-10,オーガニック,0
2025-03-11,オーガニック,0
2025-03-12,オーガニック,0
2025-03-13,オーガニック,0
2025-03-14,オーガニック,0
2025-03-15,オーガニック,0
2025-03-16,オーガニック,0
2025-03-17,オーガニック,0
2025-03-18,オーガニック,0
2025-03-19,オーガニック,0
2025-03-20,オーガニック,0
2025-03-21,オーガニック,0
2025-03-22,オーガニック,0
2025-03-23,オーガニック,0
2025-03-24,オーガニック,0
2025-03-25,オーガニック,0
2025-03-26,オーガニック,0
2025-03-27,オーガニック,0
2025-03-28,オーガニック,0
2025-03-29,オーガニック,0
2025-03-30,オーガニック,0
2025-03-31,オーガニック,0
2025-04-01,オーガニック,0
2025-04-02,オーガニック,0
2025-04-03,オーガニック,0
2025-04-04,オーガニック,0
2025-04-05,オーガニック,0
2025-04-06,オーガニック,0
2025-04-07,オーガニック,0
2025-04-08,オーガニック,0
2025-04-09,オーガニック,0
2025-04-10,オーガニック,0
2025-04-11,オーガニック,0
2025-04-12,オーガニック,0
2025-04-13,オーガニック,0
2025-04-14,オーガニック,0
2025-04-15,オーガニック,0
2025-04-16,オーガニック,0
2025-04-17,オーガニック,0
2025-04-18,オーガニック,0
2025-04-19,オーガニック,0
2025-04-20,オーガニック,0
2025-04-21,オーガニック,0
2025-04-22,オーガニック,0
2025-04-23,オーガニック,0
2025-04-24,オーガニック,0
2025-04-25,オーガニック,0
2025-04-26,オーガニック,0
2025-04-27,オーガニック,0
2025-04-28,オーガニック,0
2025-04-29,オーガニック,0
2025-04-30,オーガニック,0
2025-05-01,オーガニック,0
2025-05-02,オーガニック,0
2025-05-03,オーガニック,0
2025-05-04,オーガニック,0
2025-05-05,オーガニック,0
2025-05-06,オーガニック,0
2025-05-07,オーガニック,0
2025-05-08,オーガニック,0
2025-05-09,オーガニック,0
2025-05-10,オーガニック,0
2025-05-11,オーガニック,0
2025-05-12,オーガニック,0
2025-05-13,オーガニック,0
2025-05-14,オーガニック,0
2025-05-15,オーガニック,0
2025-05-16,オーガニック,0
2025-05-17,オーガニック,0
2025-05-18,オーガニック,0
2025-05-19,オーガニック,0
2025-05-20,オーガニック,0
2025-05-21,オーガニック,0
2025-05-22,オーガニック,0
2025-05-23,オーガニック,0
2025-05-24,オーガニック,0
2025-05-25,オーガニック,0
2025-05-26,オーガニック,0
2025-05-27,オーガニック,0
2025-05-28,オーガニック,0
2025-05-29,オーガニック,0
2025-05-30,オーガニック,0
2025-05-31,オーガニック,0
2025-06-01,オーガニック,0
2025-06-02,オーガニック,0
2025-06-03,オーガニック,0
2025-06-04,オーガニック,0
2025-06-05,オーガニック,0
2025-06-06,オーガニック,0
2025-06-07,オーガニック,0
2025-06-08,オーガニック,0
2025-06-09,オーガニック,0
2025-06-10,オーガニック,0
2025-06-11,オーガニック,0
2025-06-12,オーガニック,0
2025-06-13,オーガニック,0
2025-06-14,オーガニック,0
2025-06-15,オーガニック,0
2025-06-16,オーガニック,0
2025-06-17,オーガニック,0
2025-06-18,オーガニック,0
2025-06-19,オーガニック,0
2025-06-20,オーガニック,0
2025-06-21,オーガニック,0
2025-06-22,オーガニック,0
2025-06-23,オーガニック,0
2025-06-24,オーガニック,0
2025-06-25,オーガニック,0
2025-06-26,オーガニック,0
2025-06-27,オーガニック,0
2025-06-28,オーガニック,0
2025-06-29,オーガニック,0
2025-06-30,オーガニック,0
2025-07-01,オーガニック,0
2025-07-02,オーガニック,0
2025-07-03,オーガニック,0
2025-07-04,オーガニック,0
2025-07-05,オーガニック,0
2025-07-06,オーガニック,0
2025-07-07,オーガニック,0
2025-07-08,オーガニック,0
2025-07-09,オーガニック,0
2025-07-10,オーガニック,0
2025-07-11,オーガニック,0
2025-07-12,オーガニック,0
2025-07-13,オーガニック,0
2025-07-14,オーガニック,0
2025-07-15,オーガニック,0
2025-07-16,オーガニック,0
2025-07-17,オーガニック,0
2025-07-18,オーガニック,0
2025-07-19,オーガニック,0
2025-07-20,オーガニック,0
2025-07-21,オーガニック,0
2025-07-22,オーガニック,0
2025-07-23,オーガニック,0
2025-07-24,オーガニック,0
2025-07-25,オーガニック,0
2025-07-26,オーガニック,0
2025-07-27,オーガニック,0
2025-07-28,オーガニック,0
2025-07-29,オーガニック,0
2025-07-30,オーガニック,0
2025-07-31,オーガニック,0
2025-08-01,オーガニック,0
2025-08-02,オーガニック,0
2025-08-03,オーガニック,0
2025-08-04,オーガニック,0
2025-08-05,オーガニック,0
2025-08-06,オーガニック,0
2025-08-07,オーガニック,0
2025-08-08,オーガニック,0
2025-08-09,オーガニック,0
2025-08-10,オーガニック,0
2025-08-11,オーガニック,0
2025-08-12,オーガニック,0
2025-08-13,オーガニック,0
2025-08-14,オーガニック,0
2025-08-15,オーガニック,0
2025-08-16,オーガニック,0
2025-08-17,オーガニック,0
2025-08-18,オーガニック,0
2025-08-19,オーガニック,0
2025-08-20,オーガニック,0
2025-08-21,オーガニック,0
2025-08-22,オーガニック,180
2025-08-23,オーガニック,250
2025-08-24,オーガニック,184
2025-08-25,オーガニック,138
2025-08-26,オーガニック,242
2025-08-27,オーガニック,163
2025-08-28,オーガニック,572
2025-08-29,オーガニック,185
2025-08-30,オーガニック,173
2025-08-31,オーガニック,226
2025-09-01,オーガニック,71
2025-09-02,オーガニック,272
2025-09-03,オーガニック,217
2025-09-04,オーガニック,169
2025-09-05,オーガニック,311
2025-09-06,オーガニック,367
2025-09-07,オーガニック,112
2025-09-08,オーガニック,452
2025-09-09,オーガニック,274
2025-09-10,オーガニック,578
2025-09-11,オーガニック,498
2025-09-12,オーガニック,466
2025-09-13,オーガニック,754
2025-09-14,オーガニック,559
2025-09-15,オーガニック,667
2025-09-16,オーガニック,152
2025-09-17,オーガニック,184
2025-09-18,オーガニック,163
2025-09-19,オーガニック,272
2025-09-20,オーガニック,531
2025-09-21,オーガニック,348
2025-09-22,オーガニック,1334
2025-09-23,オーガニック,700
2025-09-24,オーガニック,610
2025-09-25,オーガニック,292
2025-09-26,オーガニック,470
2025-09-27,オーガニック,404
2025-09-28,オーガニック,972
2025-09-29,オーガニック,207
2025-09-30,オーガニック,424
2025-10-01,オーガニック,231
2025-10-02,オーガニック,506
2025-10-03,オーガニック,463
2025-10-04,オーガニック,317
2025-10-05,オーガニック,282
2025-10-06,オーガニック,420
2025-10-07,オーガニック,750
2025-10-08,オーガニック,240
2025-10-09,オーガニック,463
2025-10-10,オーガニック,347
2025-10-11,オーガニック,509
2025-10-12,オーガニック,657
2025-10-13,オーガニック,533
2025-10-14,オーガニック,199
2025-10-15,オーガニック,171
2025-10-16,オーガニック,426
2025-10-17,オーガニック,373
2025-10-18,オーガニック,263
2025-10-19,オーガニック,535
2025-10-20,オーガニック,198
2025-10-21,オーガニック,283
2025-10-22,オーガニック,203
2025-10-23,オーガニック,157
2025-10-24,オーガニック,743
2025-10-25,オーガニック,706
2025-10-26,オーガニック,330
2025-10-27,オーガニック,406
2025-10-28,オーガニック,634
2025-10-29,オーガニック,346
2025-10-30,オーガニック,681
2025-10-31,オーガニック,486
2025-11-01,オーガニック,581
2025-11-02,オーガニック,1157
2025-11-03,オーガニック,572
2025-11-04,オーガニック,571
2025-11-05,オーガニック,748
2025-11-06,オーガニック,237
2025-11-07,オーガニック,595
2025-11-08,オーガニック,1007
2025-11-09,オーガニック,320
2025-11-10,オーガニック,438
2025-11-11,オーガニック,478
2025-11-12,オーガニック,222
2025-11-13,オーガニック,605
2025-11-14,オーガニック,286
2025-11-15,オーガニック,2063
2025-11-16,オーガニック,526
2025-11-17,オーガニック,239
2025-11-18,オーガニック,364
2025-11-19,オーガニック,354
2025-11-20,オーガニック,259
2025-11-21,オーガニック,544
2025-11-22,オーガニック,527
2025-11-23,オーガニック,718
2025-11-24,オーガニック,563
2025-11-25,オーガニック,697
2025-11-26,オーガニック,179
2025-11-27,オーガニック,342
2025-11-28,オーガニック,5820
2025-11-29,オーガニック,3293
2025-11-30,オーガニック,594
2025-12-01,オーガニック,309
2025-12-02,オーガニック,835
2025-12-03,オーガニック,3077
2025-12-04,オーガニック,1781
2025-12-05,オーガニック,4129
2025-12-06,オーガニック,3578
2025-12-07,オーガニック,965
2025-12-08,オーガニック,616
2025-12-09,オーガニック,1115
2025-12-10,オーガニック,1888
2025-12-11,オーガニック,1407
2025-12-12,オーガニック,2951
2025-12-13,オーガニック,948
2025-12-14,オーガニック,369
2025-12-15,オーガニック,599
