日付,エンゲージ ビュー
2023-11-01,0
2023-11-02,6504
2023-11-03,1724
2023-11-04,8070
2023-11-05,3556
2023-11-06,2896
2023-11-07,1211
2023-11-08,790
2023-11-09,380
2023-11-10,621
2023-11-11,17828
2023-11-12,2292
2023-11-13,622
2023-11-14,1917
2023-11-15,6782
2023-11-16,3183
2023-11-17,4101
2023-11-18,1310
2023-11-19,1667
2023-11-20,5507
2023-11-21,3550
2023-11-22,4934
2023-11-23,5222
2023-11-24,12606
2023-11-25,12184
2023-11-26,10921
2023-11-27,9285
2023-11-28,7371
2023-11-29,3643
2023-11-30,2506
2023-12-01,1906
2023-12-02,1011
2023-12-03,4842
2023-12-04,12110
2023-12-05,6055
2023-12-06,7749
2023-12-07,14328
2023-12-08,8848
2023-12-09,3048
2023-12-10,8972
2023-12-11,11727
2023-12-12,7985
2023-12-13,19490
2023-12-14,7623
2023-12-15,6147
2023-12-16,10935
2023-12-17,5593
2023-12-18,2615
2023-12-19,3897
2023-12-20,12180
2023-12-21,12588
2023-12-22,11585
2023-12-23,4853
2023-12-24,7842
2023-12-25,5421
2023-12-26,14743
2023-12-27,12122
2023-12-28,11167
2023-12-29,8657
2023-12-30,10448
2023-12-31,2361
2024-01-01,9182
2024-01-02,7626
2024-01-03,9279
2024-01-04,6352
2024-01-05,11650
2024-01-06,5680
2024-01-07,5191
2024-01-08,2502
2024-01-09,2255
2024-01-10,3080
2024-01-11,820
2024-01-12,5237
2024-01-13,6659
2024-01-14,6591
2024-01-15,1380
2024-01-16,733
2024-01-17,898
2024-01-18,1733
2024-01-19,2127
2024-01-20,2521
2024-01-21,2382
2024-01-22,2684
2024-01-23,4064
2024-01-24,10595
2024-01-25,11152
2024-01-26,8109
2024-01-27,3498
2024-01-28,7936
2024-01-29,3306
2024-01-30,2199
2024-01-31,3887
2024-02-01,1207
2024-02-02,1676
2024-02-03,2862
2024-02-04,812
2024-02-05,2207
2024-02-06,3701
2024-02-07,1168
2024-02-08,1446
2024-02-09,2881
2024-02-10,4912
2024-02-11,2617
2024-02-12,1288
2024-02-13,857
2024-02-14,3375
2024-02-15,1882
2024-02-16,3357
2024-02-17,8364
2024-02-18,1432
2024-02-19,4522
2024-02-20,4585
2024-02-21,1835
2024-02-22,4229
2024-02-23,3644
2024-02-24,1311
2024-02-25,1286
2024-02-26,3198
2024-02-27,2956
2024-02-28,5555
2024-02-29,2777
2024-03-01,1603
2024-03-02,1456
2024-03-03,2730
2024-03-04,1235
2024-03-05,2000
2024-03-06,1727
2024-03-07,1426
2024-03-08,2515
2024-03-09,3275
2024-03-10,1747
2024-03-11,2971
2024-03-12,1578
2024-03-13,2544
2024-03-14,3066
2024-03-15,3313
2024-03-16,3097
2024-03-17,1207
2024-03-18,1300
2024-03-19,1803
2024-03-20,831
2024-03-21,2392
2024-03-22,4459
2024-03-23,3614
2024-03-24,2087
2024-03-25,2764
2024-03-26,4106
2024-03-27,2372
2024-03-28,3295
2024-03-29,2753
2024-03-30,1731
2024-03-31,1647
2024-04-01,4439
2024-04-02,2379
2024-04-03,2815
2024-04-04,2871
2024-04-05,5281
2024-04-06,3408
2024-04-07,3879
2024-04-08,2349
2024-04-09,1775
2024-04-10,2132
2024-04-11,1069
2024-04-12,1674
2024-04-13,4156
2024-04-14,3062
2024-04-15,788
2024-04-16,2217
2024-04-17,726
2024-04-18,2749
2024-04-19,6966
2024-04-20,3258
2024-04-21,1894
2024-04-22,2345
2024-04-23,1183
2024-04-24,539
2024-04-25,454
2024-04-26,775
2024-04-27,1250
2024-04-28,789
2024-04-29,2707
2024-04-30,2024
2024-05-01,364
2024-05-02,599
2024-05-03,1559
2024-05-04,2593
2024-05-05,1112
2024-05-06,1056
2024-05-07,647
2024-05-08,2295
2024-05-09,969
2024-05-10,966
2024-05-11,1315
2024-05-12,1057
2024-05-13,697
2024-05-14,441
2024-05-15,657
2024-05-16,241
2024-05-17,823
2024-05-18,3812
2024-05-19,2476
2024-05-20,550
2024-05-21,564
2024-05-22,1124
2024-05-23,1330
2024-05-24,1194
2024-05-25,7053
2024-05-26,1085
2024-05-27,1602
2024-05-28,1509
2024-05-29,2820
2024-05-30,1360
2024-05-31,1405
2024-06-01,2854
2024-06-02,1893
2024-06-03,1101
2024-06-04,732
2024-06-05,700
2024-06-06,527
2024-06-07,1083
2024-06-08,3502
2024-06-09,1123
2024-06-10,760
2024-06-11,288
2024-06-12,371
2024-06-13,479
2024-06-14,712
2024-06-15,1621
2024-06-16,1494
2024-06-17,1015
2024-06-18,562
2024-06-19,391
2024-06-20,298
2024-06-21,659
2024-06-22,1494
2024-06-23,2294
2024-06-24,375
2024-06-25,185
2024-06-26,275
2024-06-27,211
2024-06-28,390
2024-06-29,923
2024-06-30,849
2024-07-01,521
2024-07-02,481
2024-07-03,361
2024-07-04,345
2024-07-05,565
2024-07-06,1632
2024-07-07,707
2024-07-08,335
2024-07-09,246
2024-07-10,301
2024-07-11,243
2024-07-12,1700
2024-07-13,4213
2024-07-14,1435
2024-07-15,3564
2024-07-16,778
2024-07-17,386
2024-07-18,556
2024-07-19,1021
2024-07-20,1942
2024-07-21,1111
2024-07-22,802
2024-07-23,741
2024-07-24,1439
2024-07-25,1912
2024-07-26,933
2024-07-27,1424
2024-07-28,1016
2024-07-29,755
2024-07-30,2258
2024-07-31,1946
2024-08-01,1705
2024-08-02,1915
2024-08-03,1709
2024-08-04,2422
2024-08-05,2960
2024-08-06,3501
2024-08-07,2176
2024-08-08,2301
2024-08-09,2364
2024-08-10,2052
2024-08-11,2533
2024-08-12,1946
2024-08-13,1869
2024-08-14,1939
2024-08-15,2250
2024-08-16,1806
2024-08-17,2141
2024-08-18,2084
2024-08-19,2155
2024-08-20,2507
2024-08-21,2219
2024-08-22,2394
2024-08-23,2703
2024-08-24,2373
2024-08-25,2194
2024-08-26,2572
2024-08-27,2482
2024-08-28,3890
2024-08-29,2231
2024-08-30,3343
2024-08-31,3931
2024-09-01,157
2024-09-02,738
2024-09-03,766
2024-09-04,2101
2024-09-05,2301
2024-09-06,2189
2024-09-07,1688
2024-09-08,528
2024-09-09,975
2024-09-10,1062
2024-09-11,2431
2024-09-12,1058
2024-09-13,2495
2024-09-14,1289
2024-09-15,468
2024-09-16,1431
2024-09-17,851
2024-09-18,1706
2024-09-19,1407
2024-09-20,2154
2024-09-21,1290
2024-09-22,1039
2024-09-23,686
2024-09-24,1427
2024-09-25,1344
2024-09-26,1088
2024-09-27,2076
2024-09-28,1471
2024-09-29,219
2024-09-30,942
2024-10-01,1452
2024-10-02,1408
2024-10-03,958
2024-10-04,1905
2024-10-05,1667
2024-10-06,372
2024-10-07,1249
2024-10-08,1069
2024-10-09,1014
2024-10-10,1399
2024-10-11,1710
2024-10-12,1591
2024-10-13,1386
2024-10-14,694
2024-10-15,1038
2024-10-16,543
2024-10-17,2597
2024-10-18,1317
2024-10-19,1164
2024-10-20,235
2024-10-21,177
2024-10-22,413
2024-10-23,2576
2024-10-24,787
2024-10-25,1837
2024-10-26,1193
2024-10-27,255
2024-10-28,232
2024-10-29,1749
2024-10-30,785
2024-10-31,476
2024-11-01,2188
2024-11-02,1643
2024-11-03,344
2024-11-04,153
2024-11-05,1779
2024-11-06,1793
2024-11-07,1479
2024-11-08,2125
2024-11-09,1718
2024-11-10,687
2024-11-11,688
2024-11-12,1330
2024-11-13,2657
2024-11-14,1597
2024-11-15,1901
2024-11-16,1110
2024-11-17,1344
2024-11-18,360
2024-11-19,765
2024-11-20,2940
2024-11-21,788
2024-11-22,2022
2024-11-23,1430
2024-11-24,554
2024-11-25,393
2024-11-26,1911
2024-11-27,1182
2024-11-28,1044
2024-11-29,2095
2024-11-30,1763
2024-12-01,604
2024-12-02,798
2024-12-03,1829
2024-12-04,1614
2024-12-05,2285
2024-12-06,5062
2024-12-07,583
2024-12-08,181
2024-12-09,188
2024-12-10,8275
2024-12-11,3503
2024-12-12,1333
2024-12-13,9988
2024-12-14,8049
2024-12-15,360
2024-12-16,2116
2024-12-17,3921
2024-12-18,3032
2024-12-19,3308
2024-12-20,5797
2024-12-21,3654
2024-12-22,728
2024-12-23,2861
2024-12-24,4182
2024-12-25,2631
2024-12-26,4298
2024-12-27,4675
2024-12-28,3392
2024-12-29,807
2024-12-30,3621
2024-12-31,4100
2025-01-01,3193
2025-01-02,4351
2025-01-03,5255
2025-01-04,3772
2025-01-05,1218
2025-01-06,2675
2025-01-07,4524
2025-01-08,3336
2025-01-09,2861
2025-01-10,4903
2025-01-11,2508
2025-01-12,1281
2025-01-13,4383
2025-01-14,3113
2025-01-15,2962
2025-01-16,4009
2025-01-17,3603
2025-01-18,2871
2025-01-19,664
2025-01-20,3042
2025-01-21,3256
2025-01-22,2642
2025-01-23,3457
2025-01-24,5352
2025-01-25,2480
2025-01-26,907
2025-01-27,2799
2025-01-28,3442
2025-01-29,2601
2025-01-30,2053
2025-01-31,4981
2025-02-01,3846
2025-02-02,843
2025-02-03,2150
2025-02-04,8405
2025-02-05,2371
2025-02-06,4669
2025-02-07,6555
2025-02-08,2265
2025-02-09,1527
2025-02-10,3602
2025-02-11,2672
2025-02-12,3650
2025-02-13,3599
2025-02-14,8334
2025-02-15,4047
2025-02-16,806
2025-02-17,3088
2025-02-18,3850
2025-02-19,2603
2025-02-20,3813
2025-02-21,4824
2025-02-22,2321
2025-02-23,2191
2025-02-24,2586
2025-02-25,1137
2025-02-26,1672
2025-02-27,2254
2025-02-28,8654
2025-03-01,4522
2025-03-02,425
2025-03-03,882
2025-03-04,3108
2025-03-05,5406
2025-03-06,3914
2025-03-07,8041
2025-03-08,4770
2025-03-09,356
2025-03-10,116
2025-03-11,277
2025-03-12,3229
2025-03-13,7597
2025-03-14,9207
2025-03-15,2856
2025-03-16,1789
2025-03-17,320
2025-03-18,920
2025-03-19,7488
2025-03-20,6062
2025-03-21,7294
2025-03-22,4129
2025-03-23,929
2025-03-24,3238
2025-03-25,4630
2025-03-26,3944
2025-03-27,2894
2025-03-28,5746
2025-03-29,3258
2025-03-30,927
2025-03-31,1918
2025-04-01,4248
2025-04-02,3139
2025-04-03,3528
2025-04-04,6452
2025-04-05,3549
2025-04-06,568
2025-04-07,2742
2025-04-08,2661
2025-04-09,3998
2025-04-10,3327
2025-04-11,7061
2025-04-12,3956
2025-04-13,640
2025-04-14,1366
2025-04-15,1559
2025-04-16,1933
2025-04-17,2117
2025-04-18,6662
2025-04-19,4015
2025-04-20,458
2025-04-21,890
2025-04-22,864
2025-04-23,2822
2025-04-24,1729
2025-04-25,5968
2025-04-26,5117
2025-04-27,350
2025-04-28,859
2025-04-29,3627
2025-04-30,1159
2025-05-01,1596
2025-05-02,3689
2025-05-03,2406
2025-05-04,231
2025-05-05,658
2025-05-06,2804
2025-05-07,2640
2025-05-08,1501
2025-05-09,4399
2025-05-10,5745
2025-05-11,2856
2025-05-12,4372
2025-05-13,1921
2025-05-14,8700
2025-05-15,6525
2025-05-16,9638
2025-05-17,5930
2025-05-18,448
2025-05-19,3706
2025-05-20,5333
2025-05-21,4771
2025-05-22,3425
2025-05-23,8387
2025-05-24,3206
2025-05-25,524
2025-05-26,1870
2025-05-27,3955
2025-05-28,3791
2025-05-29,155
2025-05-30,170
2025-05-31,169
2025-06-01,188
2025-06-02,93
2025-06-03,176
2025-06-04,138
2025-06-05,165
2025-06-06,229
2025-06-07,238
2025-06-08,97
2025-06-09,132
2025-06-10,100
2025-06-11,100
2025-06-12,128
2025-06-13,144
2025-06-14,201
2025-06-15,100
2025-06-16,94
2025-06-17,118
2025-06-18,93
2025-06-19,90
2025-06-20,169
2025-06-21,170
2025-06-22,108
2025-06-23,142
2025-06-24,103
2025-06-25,113
2025-06-26,107
2025-06-27,112
2025-06-28,141
2025-06-29,78
2025-06-30,75
2025-07-01,95
2025-07-02,100
2025-07-03,93
2025-07-04,132
2025-07-05,129
2025-07-06,94
2025-07-07,86
2025-07-08,90
2025-07-09,99
2025-07-10,118
2025-07-11,119
2025-07-12,125
2025-07-13,94
2025-07-14,88
2025-07-15,98
2025-07-16,88
2025-07-17,810
2025-07-18,367
2025-07-19,394
2025-07-20,978
2025-07-21,773
2025-07-22,627
2025-07-23,579
2025-07-24,412
2025-07-25,517
2025-07-26,540
2025-07-27,495
2025-07-28,468
2025-07-29,452
2025-07-30,449
2025-07-31,496
2025-08-01,574
2025-08-02,513
2025-08-03,592
2025-08-04,575
2025-08-05,468
2025-08-06,551
2025-08-07,385
2025-08-08,443
2025-08-09,497
2025-08-10,484
2025-08-11,402
2025-08-12,369
2025-08-13,426
2025-08-14,433
2025-08-15,454
2025-08-16,330
2025-08-17,477
2025-08-18,456
2025-08-19,502
2025-08-20,470
2025-08-21,502
2025-08-22,488
2025-08-23,400
2025-08-24,422
2025-08-25,333
2025-08-26,413
2025-08-27,403
2025-08-28,2266
2025-08-29,2073
2025-08-30,1690
2025-08-31,1292
2025-09-01,1451
2025-09-02,1373
2025-09-03,960
2025-09-04,2246
2025-09-05,3272
2025-09-06,2402
2025-09-07,2397
2025-09-08,2341
2025-09-09,2117
2025-09-10,1289
2025-09-11,3155
2025-09-12,2938
2025-09-13,2404
2025-09-14,2556
2025-09-15,1285
2025-09-16,1724
2025-09-17,798
2025-09-18,1038
2025-09-19,4100
2025-09-20,2255
2025-09-21,1036
2025-09-22,3157
2025-09-23,2039
2025-09-24,931
2025-09-25,741
2025-09-26,1903
2025-09-27,1867
2025-09-28,881
2025-09-29,607
2025-09-30,641
2025-10-01,692
2025-10-02,2162
2025-10-03,2399
2025-10-04,2273
2025-10-05,1485
2025-10-06,1038
2025-10-07,967
2025-10-08,855
2025-10-09,977
2025-10-10,1993
2025-10-11,3770
2025-10-12,3000
2025-10-13,669
2025-10-14,509
2025-10-15,686
2025-10-16,1356
2025-10-17,2217
2025-10-18,2921
2025-10-19,2327
2025-10-20,833
2025-10-21,906
2025-10-22,796
2025-10-23,810
2025-10-24,1611
2025-10-25,4372
2025-10-26,2007
2025-10-27,1044
2025-10-28,1682
2025-10-29,3816
2025-10-30,4359
2025-10-31,2749
2025-11-01,1794
2025-11-02,3073
2025-11-03,2096
2025-11-04,2403
2025-11-05,1661
2025-11-06,931
2025-11-07,1805
2025-11-08,2302
2025-11-09,1154
2025-11-10,996
2025-11-11,1526
2025-11-12,1486
2025-11-13,1345
2025-11-14,2736
2025-11-15,6547
2025-11-16,1302
2025-11-17,1856
2025-11-18,1585
2025-11-19,1452
2025-11-20,1463
2025-11-21,4188
2025-11-22,1971
2025-11-23,1480
2025-11-24,1005
2025-11-25,861
2025-11-26,1035
2025-11-27,1420
2025-11-28,5527
2025-11-29,3613
2025-11-30,1664
2025-12-01,1879
2025-12-02,2661
2025-12-03,3892
2025-12-04,3095
2025-12-05,6342
2025-12-06,8500
2025-12-07,3172
2025-12-08,2633
2025-12-09,3583
2025-12-10,4236
2025-12-11,3221
2025-12-12,4076
2025-12-13,2519
2025-12-14,1101
2025-12-15,1236
