日付,エンゲージ ビュー,チャンネル登録者,平均再生率（%） (%),追加された動画,公開済みの動画,インプレッション数,インプレッションのクリック率 (%),視聴を継続 (%),ユニーク視聴者数,視聴者あたりの平均視聴回数,新しい視聴者数,リピーター,ライトな視聴者,コアな視聴者,ハイプ,ハイプポイント,登録者増加数,登録者減少数,高評価数,低評価数,高評価率（低評価比） (%),共有数,コメントの追加回数,売上合計 (JPY),注文数,承認済みのコミッション (JPY),保留中のコミッション (JPY),返却された商品 (JPY),YouTube Premium の視聴回数,YouTube Premium 総再生時間（単位: 時間）,再生リストの総再生時間（単位: 時間）,再生リストからの視聴,再生リスト開始あたりの再生回数,ストリーミング時間,設定されているリマインダーの数,チャット メッセージ,リアクション,投稿のインプレッション,投稿の高評価,投稿の高評価率 (%),投稿のチャンネル登録者,投稿の回答,投稿の返信率 (%),リミックス数,リミックス視聴回数,コミュニティ クリップの視聴回数,コミュニティ クリップから発生した総再生時間（単位は時間）,カードのクリック数,カードの表示回数,カード ティーザーの表示回数,カードのティーザーのクリック数,カード表示 1 回あたりのクリック数 (%),カード ティーザー表示 1 回あたりのクリック数 (%),終了画面要素のクリック数,終了画面要素の表示回数,終了画面要素のクリック率 (%),視聴回数,総再生時間（単位: 時間）,平均視聴時間
合計,1939978,589,125.18,262,209,1853505,2.58,38.26,0,0,0,0,0,0,0,0,1031,442,30347,2740,91.72,122,130,0,0,0,0,0,26285,93.7551,0,0,0,0,0,0,0,0,0,0,0,0,0,1,64,0,0,0,0,0,0,0,0,0,0,0,4368256,12590.2109,0:00:21
2023-12-13,19490,8,113,1,4,3225,2.57,36.8,18441,1.0569,15590,2851,2851,0,0,0,11,3,104,-7,107.22,1,0,,,,,,539,2.0321,,,,,0,,,,,,0,,,,,0,0,0,0,0,0,,,0,0,,19490,93.3991,0:00:17
2023-11-11,17828,0,97.44,,,10,0,,16474,1.0822,16096,378,378,0,0,0,0,0,5,1,83.33,0,0,,,,,,0,0,,,,,0,,,,,,0,,,,,0,0,0,0,0,0,,,0,0,,17828,72.3805,0:00:14
2023-12-26,14743,10,117.93,17,3,3431,2.36,40.78,13971,1.0553,11635,2336,2336,0,0,0,12,2,426,136,75.8,0,2,,,,,,313,0.9843,,,,,0,,,,,,0,,,,,0,0,0,0,0,0,,,0,0,,14743,98.2858,0:00:24
2023-12-07,14328,10,112.43,0,1,5238,3.09,35.98,13097,1.094,11479,1618,1618,0,0,0,12,2,165,112,59.57,0,3,,,,,,232,0.9207,,,,,0,,,,,,0,,,,,0,0,0,0,0,0,,,0,0,,14328,68.1861,0:00:17
2023-11-24,12606,21,117.11,9,3,3577,3.61,38.4,11635,1.0835,10899,736,736,0,0,0,26,5,187,72,72.2,1,5,,,,,,595,2.1819,,,,,0,,,,,,0,,,,,0,0,0,0,0,0,,,0,0,,12606,64.2858,0:00:18
2023-12-21,12588,6,143.72,9,3,2624,2.74,43.89,11871,1.0604,9995,1876,1876,0,0,0,6,0,411,127,76.39,0,3,,,,,,250,0.9541,,,,,0,,,,,,0,,,,,0,0,0,0,0,0,,,0,0,,12588,97.2477,0:00:27
2023-11-25,12184,29,104.03,0,3,4863,3,42.06,11377,1.0709,10671,706,706,0,0,0,36,7,117,6,95.12,1,1,,,,,,759,2.726,,,,,0,,,,,,0,,,,,0,0,0,0,0,0,,,0,0,,12184,55.761,0:00:16
2023-12-20,12180,7,126.05,8,3,2295,2.79,41.92,11529,1.0565,9728,1801,1801,0,0,0,11,4,247,191,56.39,1,4,,,,,,396,1.495,,,,,0,,,,,,0,,,,,0,0,0,0,0,0,,,0,0,,12180,80.6691,0:00:23
2023-12-27,12122,-1,142.3,4,2,2791,1.9,24.16,11592,1.0457,9025,2567,2567,0,0,0,1,2,566,11,98.09,0,0,,,,,,9,0.0209,,,,,0,,,,,,0,,,,,0,0,0,0,0,0,,,0,0,,12122,108.176,0:00:32
2023-12-04,12110,15,119.64,6,3,4192,2.81,36.74,11291,1.0725,10316,975,975,0,0,0,26,11,133,50,72.68,2,1,,,,,,675,2.7455,,,,,0,,,,,,0,,,,,0,0,0,0,0,0,,,0,0,,12110,63.2067,0:00:18
2023-12-11,11727,8,151.31,0,3,2950,2.31,40.21,10932,1.0727,9739,1193,1193,0,0,0,13,5,236,74,76.13,1,4,,,,,,512,1.7723,,,,,0,,,,,,0,,,,,0,0,0,0,0,0,,,0,0,,11727,76.6589,0:00:23
2024-01-05,11650,0,134.8,,,6082,1.71,38.55,10916,1.0672,9049,1867,1867,0,0,0,0,0,307,89,77.53,1,1,,,,,,7,0.0482,,,,,0,,,,,,0,,,,,0,0,0,0,0,0,,,0,0,,11650,105.1023,0:00:32
2023-12-22,11585,3,187.42,0,1,3051,3.08,43.99,10934,1.0595,9457,1477,1477,0,0,0,7,4,387,53,87.95,0,0,,,,,,170,0.5851,,,,,0,,,,,,0,,,,,0,0,0,0,0,0,,,0,0,,11585,108.7085,0:00:33
2023-12-28,11167,1,112.63,0,2,2184,2.43,38.27,10562,1.0573,8581,1981,1981,0,0,0,3,2,392,-54,115.98,0,0,,,,,,140,0.4629,,,,,0,,,,,,0,,,,,0,0,0,0,0,0,,,0,0,,11167,75.0008,0:00:24
2024-01-25,11152,1,139.75,1,2,932,4.51,34.77,10427,1.0695,7726,2701,2701,0,0,0,2,1,258,42,86,0,0,,,,,,58,0.225,,,,,0,,,,,,0,,,,,0,0,0,0,0,0,,,0,0,,11152,70.5578,0:00:22
2023-12-16,10935,-1,118.06,0,1,2274,2.33,32.99,10141,1.0783,7481,2660,2660,0,0,0,0,1,82,4,95.35,0,0,,,,,,37,0.0979,,,,,0,,,,,,0,,,,,0,0,0,0,0,0,,,0,0,,10935,53.4013,0:00:17
2023-11-26,10921,13,90.76,0,3,4408,2.2,42.02,10102,1.0811,9706,396,396,0,0,0,20,7,60,3,95.24,0,0,,,,,,831,3.8546,,,,,0,,,,,,0,,,,,0,0,0,0,0,0,,,0,0,,10921,43.9283,0:00:14
2024-01-24,10595,1,147.08,2,1,1341,2.16,37.56,10070,1.0521,7749,2321,2321,0,0,0,2,1,199,88,69.34,3,0,,,,,,125,0.4974,,,,,0,,,,,,0,,,,,0,0,0,0,0,0,,,0,0,,10595,69.4658,0:00:23
2023-12-30,10448,15,105.62,0,3,2875,2.96,48.74,9678,1.0796,8465,1213,1213,0,0,0,17,2,251,1,99.6,0,4,,,,,,443,1.6291,,,,,0,,,,,,0,,,,,0,0,0,0,0,0,,,0,0,,10448,59.7424,0:00:20
2024-12-13,9988,1,143.24,,,2601,3.84,41.9,9250,1.0798,6501,2749,2749,0,0,0,1,0,160,66,70.8,0,1,,,,,,9,0.0281,,,,,0,,,,,,0,,,,,0,0,0,0,0,0,,,0,0,,9988,61.9581,0:00:22
2025-05-16,9638,3,128.94,,,7500,2.11,19.87,9182,1.0497,6539,2643,2620,23,0,0,4,1,124,22,84.93,0,0,,,,,,28,0.0495,,,,,0,,,,,,0,,,,,0,0,0,0,0,0,,,0,0,,10486,53.8293,0:00:20
2023-11-27,9285,14,100.32,3,3,4832,2.73,40.06,8517,1.0902,8029,488,488,0,0,0,25,11,75,25,75,1,3,,,,,,763,3.3924,,,,,0,,,,,,0,,,,,0,0,0,0,0,0,,,0,0,,9285,41.3205,0:00:16
2024-01-03,9279,3,106.22,0,2,2781,2.05,44.59,8661,1.0714,7162,1499,1499,0,0,0,8,5,286,26,91.67,0,0,,,,,,182,0.7129,,,,,0,,,,,,0,,,,,0,0,0,0,0,0,,,0,0,,9279,58.6394,0:00:22
2025-03-14,9207,1,139.07,,,8552,1.7,23.18,8707,1.0574,5552,3111,3111,0,0,0,1,0,133,7,95,3,0,,,,,,5,0.0169,,,,,0,,,,,,0,,,,,0,0,0,0,0,0,,,0,0,,9207,54.3953,0:00:21
2024-01-01,9182,4,127.39,0,2,1788,1.9,37.35,8681,1.0577,6967,1714,1714,0,0,0,8,4,281,44,86.46,1,0,,,,,,136,0.4455,,,,,0,,,,,,0,,,,,0,0,0,0,0,0,,,0,0,,9182,71.1967,0:00:27
2023-12-10,8972,8,144.78,12,2,5002,1.9,39.06,8499,1.0557,7393,1106,1106,0,0,0,12,4,168,69,70.89,0,1,,,,,,453,1.4513,,,,,0,,,,,,0,,,,,0,0,0,0,0,0,,,0,0,,8972,55.9905,0:00:22
2023-12-08,8848,2,172.31,,,7526,2.38,37.44,8209,1.0778,6763,1446,1446,0,0,0,2,0,213,57,78.89,0,0,,,,,,40,0.1953,,,,,0,,,,,,0,,,,,0,0,0,0,0,0,,,0,0,,8848,63.7726,0:00:25
2025-05-14,8700,0,128.89,,,8696,1.22,10.91,8388,1.0372,5868,2520,2496,24,0,0,0,0,135,52,72.19,2,0,,,,,,11,0.0312,,,,,0,,,,,,0,,,,,0,0,0,0,0,0,,,0,0,,10015,49.1276,0:00:20
2023-12-29,8657,3,106.97,0,2,1790,2.74,33.98,8188,1.0573,6765,1423,1423,0,0,0,5,2,353,13,96.45,0,0,,,,,,85,0.273,,,,,0,,,,,,0,,,,,0,0,0,0,0,0,,,0,0,,8657,56.5657,0:00:23
2025-02-28,8654,1,139.7,,,4960,2,32.41,8221,1.0527,5439,2782,2782,0,0,0,1,0,148,19,88.62,0,1,,,,,,5,0.0121,,,,,0,,,,,,0,,,,,0,0,0,0,0,0,,,0,0,,8654,51.2549,0:00:21
2025-12-06,8500,3,111.8,,,4346,2.19,51.15,8016,1.0604,5493,2523,2504,19,0,0,5,2,0,0,,0,0,,,,,,186,0.5893,,,,,0,,,,,,0,,,,,0,0,0,0,0,0,,,0,0,,101913,100.3146,0:00:20
2025-02-04,8405,0,126.17,,,4590,1.9,31.85,8033,1.0463,5954,2079,2079,0,0,0,0,0,137,52,72.49,0,0,,,,,,9,0.0685,,,,,0,,,,,,0,,,,,0,0,0,0,0,0,,,0,0,,8405,46.8402,0:00:20
2025-05-23,8387,1,113.65,,,5432,3.02,33.91,7873,1.0653,5159,2714,2688,26,0,0,2,1,134,25,84.28,0,0,,,,,,26,0.0537,,,,,0,,,,,,0,,,,,0,0,0,0,0,0,,,0,0,,9095,41.9923,0:00:17
2024-02-17,8364,3,122.5,0,1,2501,2.6,37.55,7787,1.0741,5961,1826,1826,0,0,0,4,1,174,114,60.42,0,1,,,,,,74,0.249,,,,,0,,,,,,0,,,,,0,0,0,0,0,0,,,0,0,,8364,46.7998,0:00:20
2025-02-14,8334,-2,129.4,,,5327,1.35,25.49,7900,1.0549,5301,2599,2599,0,0,0,1,3,90,34,72.58,0,0,,,,,,5,0.018,,,,,0,,,,,,0,,,,2,0,0,0,0,0,0,,,0,0,,8334,46.6309,0:00:20
2024-12-10,8275,0,150.6,,,1921,2.19,42.36,7998,1.0346,5563,2435,2435,0,0,0,0,0,161,69,70,0,0,,,,,,5,0.0161,,,,,0,,,,,,0,,,,,0,0,0,0,0,0,,,0,0,,8275,52.7431,0:00:22
2024-01-26,8109,7,108.85,9,5,2678,2.28,36.52,7511,1.0796,5965,1546,1546,0,0,0,11,4,148,-89,250.85,2,1,,,,,,207,0.6752,,,,,0,,,,,,0,,,,,0,0,0,0,0,0,,,0,0,,8109,41.8174,0:00:18
2023-11-04,8070,0,159.19,,,31,22.58,0,7645,1.0556,7529,116,116,0,0,0,1,1,260,101,72.02,0,2,,,,,,0,0,,,,,0,,,,,,0,,,,,0,0,0,0,0,0,,,0,0,,8070,53.5266,0:00:23
2024-12-14,8049,-1,120.23,,,4108,2.04,40.88,7705,1.0446,5217,2488,2488,0,0,0,0,1,79,-36,183.72,0,0,,,,,,2,0.0069,,,,,0,,,,,,0,,,,,0,0,0,0,0,0,,,0,0,,8049,41.5211,0:00:18
2025-03-07,8041,3,131.66,,,3638,3.24,47.95,7635,1.0532,5260,2375,2375,0,0,0,4,1,116,37,75.82,1,0,,,,,,9,0.0289,,,,,0,,,,,,0,,,,,0,0,0,0,0,0,,,0,0,,8041,45.3903,0:00:20
2023-12-12,7985,6,160.44,0,3,3323,2.53,40.41,7578,1.0537,6359,1219,1219,0,0,0,7,1,160,7,95.81,0,2,,,,,,216,0.7786,,,,,0,,,,,,0,,,,,0,0,0,0,0,0,,,0,0,,7985,54.9013,0:00:24
2024-01-28,7936,5,130.8,9,3,2556,2.11,37.32,7346,1.0803,5639,1707,1707,0,0,0,7,2,135,52,72.19,0,1,,,,,,288,0.9441,,,,,0,,,,,,0,,,,,0,0,0,0,0,0,,,0,0,,7936,47.5921,0:00:21
2023-12-24,7842,1,82.54,8,7,1843,2.28,37.8,7546,1.0392,6890,656,656,0,0,0,7,6,76,-20,135.71,0,1,,,,,,472,1.6896,,,,,0,,,,,,0,,,,,0,0,0,0,0,0,,,0,0,,7842,32.3937,0:00:14
2023-12-06,7749,17,90.83,0,3,4046,2.57,41.68,7110,1.0899,6418,692,692,0,0,0,22,5,41,13,75.93,3,4,,,,,,360,1.4497,,,,,0,,,,,,0,,,,,0,0,0,0,0,0,,,0,0,,7749,31.004,0:00:14
2024-01-02,7626,6,99.64,0,2,2281,1.45,36.36,7201,1.059,5868,1333,1333,0,0,0,12,6,212,8,96.36,1,3,,,,,,301,1.1308,,,,,0,,,,,,0,,,,,0,0,0,0,0,0,,,0,0,,7626,43.7305,0:00:20
2023-12-14,7623,3,142.61,4,0,2686,2.23,43.37,7254,1.0509,5861,1393,1393,0,0,0,4,1,57,-10,121.28,1,0,,,,,,196,1.0458,,,,,0,,,,,,0,,,,,0,0,0,0,0,0,,,0,0,,7623,46.3007,0:00:21
2025-03-13,7597,2,132.9,,,4908,1.55,20.94,7218,1.0525,4901,2317,2317,0,0,0,2,0,130,48,73.03,0,0,,,,,,5,0.0228,,,,,0,,,,,,0,,,,,0,0,0,0,0,0,,,0,0,,7597,42.8972,0:00:20
2025-03-19,7488,1,139.45,,,4299,2.21,21.93,7124,1.0511,4573,2551,2529,22,0,0,1,0,136,38,78.16,1,0,,,,,,42,0.169,,,,,0,,,,,,0,,,,,0,0,0,0,0,0,,,0,0,,7488,44.763,0:00:21
2023-11-28,7371,11,81.37,3,3,3906,2.84,38.22,6848,1.0764,6435,413,413,0,0,0,21,10,53,9,85.48,3,4,,,,,,565,1.9139,,,,,0,,,,,,0,,,,,0,0,0,0,0,0,,,0,0,,7371,26.6107,0:00:12
2025-03-21,7294,0,124.94,,,4617,1.47,18.13,6970,1.0465,4421,2549,2529,20,0,0,0,0,150,18,89.29,0,0,,,,,,2,0.0022,,,,,0,,,,,,0,,,,,0,0,0,0,0,0,,,0,0,,7294,38.7583,0:00:19
2025-04-11,7061,2,133.6,,,3222,3.48,55.43,6795,1.0391,4195,2600,2584,16,0,0,3,1,103,15,87.29,0,1,,,,,,23,0.052,,,,,0,,,,,,0,,,,,0,0,0,0,0,0,,,0,0,,7298,40.9361,0:00:20
2024-05-25,7053,1,132.14,,,3798,2.5,46.97,6647,1.0611,4632,2015,2015,0,0,0,2,1,130,69,65.33,0,1,,,,,,6,0.0946,,,,,0,,,,,,0,,,,,0,0,0,0,0,0,,,0,0,,7053,44.06,0:00:22
2024-04-19,6966,2,132.51,,,4108,2.22,29.06,6385,1.091,4223,2162,2162,0,0,0,2,0,90,61,59.6,0,0,,,,,,5,0.0157,,,,,0,,,,,,0,,,,,0,0,0,0,0,0,,,0,0,,6966,46.9939,0:00:24
2023-11-15,6782,0,97.46,6,0,29,6.9,27.1,6586,1.0298,6061,525,525,0,0,0,0,0,0,-1,-0,0,0,,,,,,46,0.1468,,,,,0,,,,,,0,,,,,0,0,0,0,0,0,,,0,0,,6782,27.5784,0:00:14
2025-04-18,6662,1,147.59,,,3456,3.85,85.13,6284,1.0602,3828,2456,2437,19,0,0,2,1,109,24,81.95,0,0,,,,,,17,0.036,,,,,0,,,,,,0,,,,,0,0,0,0,0,0,,,0,0,,8299,43.0203,0:00:23
2024-01-13,6659,0,131.92,,,831,4.45,32.65,6369,1.0455,4521,1848,1848,0,0,0,0,0,133,-1,100.76,0,0,,,,,,16,0.0493,,,,,0,,,,,,0,,,,,0,0,0,0,0,0,,,0,0,,6659,44.9151,0:00:24
2024-01-14,6591,-1,117.03,,,717,3.35,46.46,6298,1.0465,4563,1735,1735,0,0,0,0,1,117,38,75.48,1,0,,,,,,4,0.0189,,,,,0,,,,,,0,,,,,0,0,0,0,0,0,,,0,0,,6591,41.8483,0:00:22
2025-02-07,6555,1,124.74,,,4652,1.76,26.25,6187,1.0595,4268,1919,1919,0,0,0,1,0,98,17,85.22,0,0,,,,,,6,0.0388,,,,,0,,,,,,0,,,,,0,0,0,0,0,0,,,0,0,,6555,34.9286,0:00:19
2025-11-15,6547,2,131.18,,,6483,1.47,10.36,6199,1.0561,4149,2050,2037,13,0,0,2,0,6,0,100,0,0,,,,,,14,0.0245,,,,,0,,,,,,0,,,,,0,0,0,0,0,0,,,0,0,,97238,83.4359,0:00:21
2025-05-15,6525,1,136.07,,,5742,2.19,11.57,6207,1.0512,4169,2038,2027,11,0,0,3,2,88,-2,102.33,5,0,,,,,,35,0.123,,,,,0,,,,,,0,,,,,0,0,0,0,0,0,,,0,0,,7813,38.7079,0:00:21
2023-11-02,6504,0,164.06,,,16,12.5,,6403,1.0158,6403,0,0,0,0,0,0,0,97,70,58.08,0,0,,,,,,0,0,,,,,0,,,,,,0,,,,,0,0,0,0,0,0,,,0,0,,6504,44.4614,0:00:24
2025-04-04,6452,2,119.36,,,3354,3.82,48.06,6180,1.044,3981,2199,2180,19,0,0,3,1,102,17,85.71,0,0,,,,,,16,0.0504,,,,,0,,,,,,0,,,,,0,0,0,0,0,0,,,0,0,,6698,33.2845,0:00:18
2024-01-04,6352,4,89.75,6,2,13036,1.57,42.12,5902,1.0762,5077,825,825,0,0,0,9,5,206,5,97.63,1,1,,,,,,195,0.679,,,,,0,,,,,,0,,,,,0,0,0,0,0,0,,,0,0,,6352,35.8509,0:00:20
2025-12-05,6342,0,126.86,0,1,4031,2.85,34.75,6040,1.05,4088,1952,1940,12,0,0,0,0,14,4,77.78,2,0,,,,,,254,0.3526,,,,,0,,,,,,0,,,,,0,0,0,0,0,0,,,0,0,,82052,74.2057,0:00:19
2023-12-15,6147,7,122.71,6,5,2573,3.07,40.53,5823,1.0556,4904,919,919,0,0,0,8,1,67,-9,115.52,1,0,,,,,,222,0.8397,,,,,0,,,,,,0,,,,,0,0,0,0,0,0,,,0,0,,6147,33.6732,0:00:19
2025-03-20,6062,1,138.77,,,2903,3.03,27.27,5882,1.0306,3753,2129,2109,20,0,0,1,0,131,14,90.34,0,0,,,,,,1,0.0023,,,,,0,,,,,,0,,,,,0,0,0,0,0,0,,,0,0,,6062,35.6546,0:00:21
2023-12-05,6055,6,96.31,3,3,3541,2.57,37.64,5652,1.0713,5195,457,457,0,0,0,13,7,72,-22,144,0,0,,,,,,413,1.5508,,,,,0,,,,,,0,,,,,0,0,0,0,0,0,,,0,0,,6055,25.6637,0:00:15
2025-04-25,5968,0,136.1,,,3781,2.99,88.85,5679,1.0509,3593,2086,2064,22,0,0,1,1,136,23,85.53,0,0,,,,,,49,0.1855,,,,,0,,,,,,0,,,,,0,0,0,0,0,0,,,0,0,,7465,35.8,0:00:21
2025-05-17,5930,0,115.82,,,3110,3.7,48.99,5789,1.0244,3878,1911,1886,25,0,0,0,0,66,-7,111.86,1,0,,,,,,16,0.0331,,,,,0,,,,,,0,,,,,0,0,0,0,0,0,,,0,0,,6142,29.4572,0:00:17
2024-12-20,5797,0,140.17,,,2477,3.51,58.62,5433,1.067,3282,2151,2151,0,0,0,0,0,89,19,82.41,0,0,,,,,,9,0.0352,,,,,0,,,,,,0,,,,,0,0,0,0,0,0,,,0,0,,5797,34.8445,0:00:21
2025-03-28,5746,3,117.38,,,4372,2.31,47.25,5507,1.0434,3485,2022,2013,9,0,0,3,0,93,10,90.29,0,0,,,,,,5,0.0131,,,,,0,,,,,,0,,,,,0,0,0,0,0,0,,,0,0,,5746,28.7298,0:00:18
2025-05-10,5745,0,132.95,,,4301,3.26,27.12,5405,1.0629,3486,1919,1908,11,0,0,0,0,94,0,100,0,0,,,,,,25,0.0722,,,,,0,,,,,,0,,,,,0,0,0,0,0,0,,,0,0,,6452,33.2342,0:00:20
2024-01-06,5680,0,117.06,,,5561,2.59,40.15,5402,1.0515,4395,1007,1007,0,0,0,0,0,167,-20,113.61,0,0,,,,,,24,0.272,,,,,0,,,,,,0,,,,,0,0,0,0,0,0,,,0,0,,5680,46.5412,0:00:29
2023-12-17,5593,-1,139.09,,,1450,2.28,37.14,5401,1.0355,3951,1450,1450,0,0,0,0,1,63,18,77.78,0,0,,,,,,17,0.0658,,,,,0,,,,,,0,,,,,0,0,0,0,0,0,,,0,0,,5593,32.2849,0:00:20
2024-02-28,5555,0,139.39,,,1239,3.47,29.3,5253,1.0575,3953,1300,1300,0,0,0,0,0,174,49,78.03,0,0,,,,,,2,0.0137,,,,,0,,,,,,0,,,,,0,0,0,0,0,0,,,0,0,,5555,33.9807,0:00:22
2025-11-28,5527,2,118.08,2,1,5001,2.36,39.48,5090,1.0859,3762,1328,1319,9,0,0,3,1,18,4,81.82,0,1,,,,,,458,0.7661,,,,,0,,,,,,0,,,,,0,0,0,0,0,0,,,0,0,,57804,56.5342,0:00:17
2023-11-20,5507,10,96.46,0,2,1080,1.94,38.79,5320,1.0352,5153,167,167,0,0,0,15,5,97,21,82.2,1,1,,,,,,533,1.6941,,,,,0,,,,,,0,,,,,0,0,0,0,0,0,,,0,0,,5507,23.3343,0:00:15
2023-12-25,5421,2,208.73,1,1,1855,1.62,41.21,5131,1.0565,3870,1261,1261,0,0,0,2,0,129,51,71.67,0,0,,,,,,28,0.0854,,,,,0,,,,,,0,,,,,0,0,0,0,0,0,,,0,0,,5421,62.6483,0:00:41
2025-03-05,5406,0,115.11,,,1753,4.34,27.67,5146,1.0505,3386,1760,1760,0,0,0,0,0,99,-2,102.06,0,0,,,,,,6,0.0333,,,,,0,,,,,,0,,,,,0,0,0,0,0,0,,,0,0,,5406,27.0074,0:00:17
2025-01-24,5352,0,141.3,,,3667,3.33,24.75,4996,1.0713,3095,1901,1901,0,0,0,2,2,112,0,100,0,0,,,,,,42,0.1743,,,,,0,,,,,,0,,,,,0,0,0,0,0,0,,,0,0,,5352,32.5469,0:00:21
2025-05-20,5333,0,127.58,,,3932,2.57,20.53,5150,1.0355,3528,1622,1605,17,0,0,0,0,72,11,86.75,3,0,,,,,,8,0.0105,,,,,0,,,,,,0,,,,,0,0,0,0,0,0,,,0,0,,5948,29.7724,0:00:19
2024-04-05,5281,3,113.26,0,2,3273,1.99,29.37,4935,1.0701,3267,1668,1668,0,0,0,3,0,108,27,80,1,0,,,,,,50,0.1563,,,,,0,,,,,,0,,,,,0,0,0,0,0,0,,,0,0,,5281,29.8065,0:00:20
2025-01-03,5255,1,120.41,,,4429,1.54,27.71,4893,1.074,3045,1848,1848,0,0,0,2,1,111,13,89.52,0,2,,,,,,3,0.0232,,,,,0,,,,,,0,,,,,0,0,0,0,0,0,,,0,0,,5255,28.2891,0:00:19
2024-01-12,5237,1,101.1,,,1253,2.79,30.24,4985,1.0506,3490,1495,1495,0,0,0,2,1,74,14,84.09,0,0,,,,,,21,0.052,,,,,0,,,,,,0,,,,,0,0,0,0,0,0,,,0,0,,5237,26.3661,0:00:18
2023-11-23,5222,7,100.18,3,3,1765,2.55,34.76,4902,1.0653,4639,263,263,0,0,0,14,7,76,15,83.52,1,0,,,,,,418,1.5472,,,,,0,,,,,,0,,,,,0,0,0,0,0,0,,,0,0,,5222,22.951,0:00:15
2024-01-07,5191,0,132.67,,,6280,2.09,44.44,4981,1.0422,3863,1118,1118,0,0,0,1,1,178,-10,105.95,0,0,,,,,,13,0.0948,,,,,0,,,,,,0,,,,,0,0,0,0,0,0,,,0,0,,5191,47.295,0:00:32
2025-04-26,5117,0,126.28,,,3226,2.76,87.39,4902,1.0439,3120,1782,1765,17,0,0,0,0,60,9,86.96,0,0,,,,,,16,0.0332,,,,,0,,,,,,0,,,,,0,0,0,0,0,0,,,0,0,,7468,28.0423,0:00:19
2024-12-06,5062,1,104.9,,,4799,2.73,59.57,4759,1.0637,3063,1696,1696,0,0,0,2,1,47,2,95.92,0,0,,,,,,15,0.0529,,,,,0,,,,,,0,,,,,0,0,0,0,0,0,,,0,0,,5062,23.4991,0:00:16
2025-01-31,4981,2,125.19,,,3747,4.27,30.63,4559,1.0926,2708,1851,1851,0,0,0,3,1,115,23,83.33,0,0,,,,,,2,0.0029,,,,,0,,,,,,0,,,,,0,0,0,0,0,0,,,0,0,,4981,28.7304,0:00:20
2023-11-22,4934,10,126.84,3,2,1227,3.18,36.38,4715,1.0464,4479,236,236,0,0,0,12,2,67,11,85.9,0,2,,,,,,313,1.128,,,,,0,,,,,,0,,,,,0,0,0,0,0,0,,,0,0,,4934,27.4405,0:00:20
2024-02-10,4912,2,115.08,0,1,2951,1.8,29.7,4661,1.0539,3059,1602,1602,0,0,0,3,1,32,4,88.89,0,0,,,,,,39,0.1285,,,,,0,,,,,,0,,,,,0,0,0,0,0,0,,,0,0,,4912,25.2895,0:00:18
2025-01-10,4903,-1,120.1,,,4495,2.22,41.13,4559,1.0755,2899,1660,1660,0,0,0,0,1,71,10,87.65,1,0,,,,,,4,0.0342,,,,,0,,,,,,0,,,,,0,0,0,0,0,0,,,0,0,,4903,25.8589,0:00:18
2023-12-23,4853,1,119.9,,,1926,2.65,39.57,4515,1.0749,3267,1248,1248,0,0,0,1,0,130,-160,-433.33,0,0,,,,,,28,0.0904,,,,,0,,,,,,0,,,,,0,0,0,0,0,0,,,0,0,,4853,29.2567,0:00:21
2023-12-03,4842,4,108.31,3,2,1102,2.45,41.93,4700,1.0302,4348,352,352,0,0,0,4,0,55,12,82.09,1,1,,,,,,211,0.7727,,,,,0,,,,,,0,,,,,0,0,0,0,0,0,,,0,0,,4842,22.9327,0:00:17
2025-02-21,4824,2,129.15,,,2737,3.03,46.01,4590,1.051,2904,1686,1686,0,0,0,2,0,118,3,97.52,0,0,,,,,,15,0.0582,,,,,0,,,,,,0,,,,,0,0,0,0,0,0,,,0,0,,4824,28.0038,0:00:20
2025-05-21,4771,0,115.44,,,2981,3.05,30.98,4546,1.0495,2998,1548,1535,13,0,0,0,0,53,-5,110.42,0,0,,,,,,7,0.0139,,,,,0,,,,,,0,,,,,0,0,0,0,0,0,,,0,0,,5223,24.2429,0:00:18
2025-03-08,4770,1,116.36,,,2735,3.33,31.65,4529,1.0532,2994,1535,1535,0,0,0,1,0,73,-31,173.81,0,0,,,,,,29,0.0825,,,,,0,,,,,,0,,,,,0,0,0,0,0,0,,,0,0,,4770,23.7006,0:00:17
2024-12-27,4675,0,122.14,,,2431,2.63,41.28,4386,1.0659,2811,1575,1575,0,0,0,0,0,61,4,93.85,0,0,,,,,,3,0.0116,,,,,0,,,,,,0,,,,,0,0,0,0,0,0,,,0,0,,4675,24.4349,0:00:18
2025-02-06,4669,1,133.04,,,2150,2.88,20.93,4553,1.0255,3284,1269,1269,0,0,0,1,0,108,37,74.48,0,0,,,,,,6,0.0286,,,,,0,,,,,,0,,,,,0,0,0,0,0,0,,,0,0,,4669,26.8857,0:00:20
2025-03-25,4630,3,127.47,,,2395,4.09,45.37,4411,1.0496,2863,1548,1538,10,0,0,3,0,88,27,76.52,0,0,,,,,,11,0.0435,,,,,0,,,,,,0,,,,1,0,0,0,0,0,0,,,0,0,,4630,25.3449,0:00:19
2024-02-20,4585,1,135.82,0,1,1832,2.24,24.59,4255,1.0776,3121,1134,1134,0,0,0,1,0,83,47,63.85,0,0,,,,,,59,0.1648,,,,,0,,,,,,0,,,,,0,0,0,0,0,0,,,0,0,,4585,28.2894,0:00:22
2025-01-07,4524,2,139.03,,,1486,4.04,35.22,4338,1.0429,2867,1471,1471,0,0,0,3,1,115,15,88.46,1,0,,,,,,5,0.0143,,,,,0,,,,,,0,,,,1,0,0,0,0,0,0,,,0,0,,4524,29.1242,0:00:23
2024-02-19,4522,0,102.07,1,2,1975,2.89,29.04,4235,1.0678,3006,1229,1229,0,0,0,3,3,94,32,74.6,1,3,,,,,,120,0.321,,,,,0,,,,,,0,,,,,0,0,0,0,0,0,,,0,0,,4522,22.9955,0:00:18
2025-03-01,4522,1,119.67,,,2456,3.42,23.97,4385,1.0312,2861,1524,1524,0,0,0,1,0,70,-10,116.67,0,0,,,,,,5,0.0123,,,,,0,,,,,,0,,,,,0,0,0,0,0,0,,,0,0,,4522,23.4431,0:00:18
2024-03-22,4459,3,134.28,,,4515,2.79,30.35,4014,1.1109,2497,1517,1517,0,0,0,5,2,91,17,84.26,0,1,,,,,,26,0.0863,,,,,0,,,,,,0,,,,,0,0,0,0,0,0,,,0,0,,4459,30.5797,0:00:24
2024-04-01,4439,1,132.79,7,1,1795,2.67,33.46,4181,1.0617,2677,1504,1504,0,0,0,1,0,51,1,98.08,0,1,,,,,,50,0.2086,,,,,0,,,,,,0,,,,,0,0,0,0,0,0,,,0,0,,4439,29.9564,0:00:24
2025-05-09,4399,3,126.34,,,7051,2.08,22.59,4006,1.0981,2683,1323,1300,23,0,0,3,0,117,31,79.05,3,1,,,,,,36,0.1057,,,,,0,,,,,,0,,,,,0,0,0,0,0,0,,,0,0,,5337,24.9456,0:00:20
2025-01-13,4383,2,137.19,,,2871,2.06,25.87,4095,1.0703,2741,1354,1354,0,0,0,2,0,100,30,76.92,0,0,,,,,,5,0.0192,,,,,0,,,,,,0,,,,,0,0,0,0,0,0,,,0,0,,4383,27.9209,0:00:22
2025-05-12,4372,0,125.25,,,2105,3.28,26.74,4163,1.0502,2531,1632,1613,19,0,0,0,0,79,15,84.04,3,0,,,,,,19,0.0303,,,,,0,,,,,,0,,,,,0,0,0,0,0,0,,,0,0,,4749,23.8984,0:00:19
2025-10-25,4372,0,128.41,,,3245,2.62,25.18,4170,1.0484,2703,1467,1447,20,0,0,0,0,5,-2,166.67,0,0,,,,,,107,0.1414,,,,,0,,,,,,0,,,,,0,0,0,0,0,0,,,0,0,,80397,59.5516,0:00:20
2025-10-30,4359,-2,136.72,,,3928,1.96,16.48,4186,1.0413,2868,1318,1309,9,0,0,0,2,7,0,100,0,0,,,,,,10,0.022,,,,,0,,,,,,0,,,,,0,0,0,0,0,0,,,0,0,,87612,61.8564,0:00:21
2025-01-02,4351,0,123.66,,,3930,2.04,23.11,4093,1.063,2678,1415,1415,0,0,0,0,0,78,8,90.7,0,0,,,,,,6,0.0155,,,,,0,,,,,,0,,,,,0,0,0,0,0,0,,,0,0,,4351,23.1224,0:00:19
2024-12-26,4298,1,133.5,,,3676,2.18,28.64,4068,1.0565,2586,1482,1482,0,0,0,2,1,47,20,70.15,0,0,,,,,,5,0.0269,,,,,0,,,,,,0,,,,,0,0,0,0,0,0,,,0,0,,4298,24.8568,0:00:20
2025-04-01,4248,1,105.62,,,4498,3.18,45.61,4059,1.0466,2507,1579,1565,14,0,0,1,0,42,10,80.77,0,0,,,,,,22,0.0409,,,,,0,,,,,,0,,,,,0,0,0,0,0,0,,,0,0,,4460,19.7405,0:00:16
2025-12-10,4236,2,150.44,,,4161,2.16,10.63,3944,1.074,2702,1242,1230,12,0,0,2,0,4,-3,400,0,0,,,,,,10,0.032,,,,,0,,,,,,0,,,,,0,0,0,0,0,0,,,0,0,,67125,60.4511,0:00:24
2024-02-22,4229,0,121.2,0,2,3504,2,25.72,3936,1.0744,2439,1497,1497,0,0,0,0,0,87,29,75,0,0,,,,,,11,0.0289,,,,,0,,,,,,0,,,,,0,0,0,0,0,0,,,0,0,,4229,23.8665,0:00:20
2024-07-13,4213,0,139.38,,,3279,2.56,60.82,4023,1.0472,2734,1289,1289,0,0,0,2,2,162,47,77.51,0,0,,,,,,6,0.041,,,,,0,,,,,,0,,,,,0,0,0,0,0,0,,,0,0,,4213,27.6004,0:00:23
2025-11-21,4188,-1,183.24,,,3147,2.73,26.35,3930,1.0656,2418,1512,1502,10,0,0,0,1,5,-1,125,0,0,,,,,,6,0.0122,,,,,0,,,,,,0,,,,,0,0,0,0,0,0,,,0,0,,57903,62.0066,0:00:29
2024-12-24,4182,1,123.72,,,2721,2.02,22.86,3970,1.0534,2531,1439,1439,0,0,0,1,0,77,17,81.91,0,0,,,,,,6,0.0189,,,,,0,,,,,,0,,,,,0,0,0,0,0,0,,,0,0,,4182,22.5617,0:00:19
2024-04-13,4156,0,101.97,,,2693,3.19,63.18,3807,1.0917,2044,1763,1763,0,0,0,1,1,46,14,76.67,1,1,,,,,,4,0.0134,,,,,0,,,,,,0,,,,,0,0,0,0,0,0,,,0,0,,4156,21.6853,0:00:18
2025-03-22,4129,1,128.47,,,2775,2.92,42.31,3963,1.0419,2656,1307,1301,6,0,0,1,0,60,-20,150,0,1,,,,,,5,0.0288,,,,,0,,,,,,0,,,,,0,0,0,0,0,0,,,0,0,,4129,22.7162,0:00:19
2024-03-26,4106,0,122.18,4,1,2353,3.7,32.97,3733,1.0999,2433,1300,1300,0,0,0,2,2,-35,10,140,1,0,,,,,,40,0.1424,,,,,0,,,,,,0,,,,,0,0,0,0,0,0,,,0,0,,4106,25.7823,0:00:22
2023-11-17,4101,8,78.32,0,3,529,2.08,39.43,3959,1.0359,3897,62,62,0,0,0,9,1,26,14,65,0,0,,,,,,351,1.114,,,,,0,,,,,,0,,,,,0,0,0,0,0,0,,,0,0,,4101,14.2006,0:00:12
2024-12-31,4100,0,120.9,,,3278,1.8,28.77,3826,1.0716,2380,1446,1446,0,0,0,1,1,77,12,86.52,0,0,,,,,,9,0.036,,,,,0,,,,,,0,,,,,0,0,0,0,0,0,,,0,0,,4100,21.4811,0:00:18
2025-09-19,4100,-1,154.2,,,2514,2.19,21.05,3851,1.0647,2633,1218,1210,8,0,0,0,1,4,-2,200,0,1,,,,,,17,0.044,,,,,0,,,,,,0,,,,,0,0,0,0,0,0,,,0,0,,4240,28.247,0:00:24
2025-12-12,4076,2,134.57,2,1,4001,2.42,27.39,3816,1.0681,2497,1319,1300,19,0,0,2,0,17,2,89.47,0,0,,,,,,149,0.24,,,,,0,,,,,,0,,,,,0,0,0,0,0,0,,,0,0,,52774,48.8862,0:00:21
2024-01-23,4064,0,143.46,9,0,942,3.82,45.05,3816,1.065,2763,1053,1053,0,0,0,0,0,82,65,55.78,1,1,,,,,,1,0.0022,,,,,0,,,,,,0,,,,,0,0,0,0,0,0,,,0,0,,4064,27.8999,0:00:24
2025-02-15,4047,2,106.96,,,2471,2.91,51.25,3726,1.0862,2505,1221,1221,0,0,0,2,0,32,-19,246.15,0,0,,,,,,7,0.0355,,,,,0,,,,,,0,,,,2,0,0,0,0,0,0,,,0,0,,4047,19.0663,0:00:16
2025-04-19,4015,3,118.94,,,3345,3.53,76.17,3746,1.0718,2278,1468,1455,13,0,0,3,0,43,-9,126.47,1,0,,,,,,15,0.0236,,,,,0,,,,,,0,,,,,0,0,0,0,0,0,,,0,0,,5281,20.9339,0:00:18
2025-01-16,4009,-2,105.74,,,4828,1.91,18.84,3774,1.0623,2580,1194,1194,0,0,0,0,2,64,1,98.46,1,0,,,,,,3,0.0065,,,,,0,,,,,,0,,,,,0,0,0,0,0,0,,,0,0,,4009,18.7153,0:00:16
2025-04-09,3998,1,123.95,,,2534,2.64,38.99,3850,1.0384,2538,1312,1304,8,0,0,1,0,111,24,82.22,0,0,,,,,,10,0.0555,,,,,0,,,,,,0,,,,,0,0,0,0,0,0,,,0,0,,4238,21.6725,0:00:19
2025-04-12,3956,1,117.83,,,3709,3.15,60,3770,1.0493,2349,1421,1409,12,0,0,1,0,35,-12,152.17,0,1,,,,,,38,0.0807,,,,,0,,,,,,0,,,,,0,0,0,0,0,0,,,0,0,,4179,20.0063,0:00:18
2025-05-27,3955,2,112.45,,,3141,2.07,21.48,3814,1.037,2706,1108,1098,10,0,0,2,0,36,6,85.71,0,0,,,,,,10,0.0139,,,,,0,,,,,,0,,,,,0,0,0,0,0,0,,,0,0,,4508,19.8223,0:00:17
2025-03-26,3944,0,123.33,,,2863,2.86,43.49,3832,1.0292,2473,1359,1345,14,0,0,0,0,106,-2,101.92,0,0,,,,,,9,0.0411,,,,,0,,,,,,0,,,,,0,0,0,0,0,0,,,0,0,,3944,20.6683,0:00:18
2024-08-31,3931,0,123.76,,,2286,2.67,62.16,3826,1.0274,2947,879,879,0,0,0,0,0,44,-2,104.76,0,0,,,,,,2,0.0071,,,,,0,,,,,,0,,,,,0,0,0,0,0,0,,,0,0,,3931,20.6952,0:00:18
2024-12-17,3921,0,164.66,,,3126,1.79,50.49,3773,1.0392,2517,1256,1256,0,0,0,0,0,109,38,74.15,0,0,,,,,,3,0.016,,,,,0,,,,,,0,,,,,0,0,0,0,0,0,,,0,0,,3921,30.8225,0:00:28
2025-03-06,3914,0,143.94,,,5812,1.36,19.77,3693,1.0598,2490,1203,1203,0,0,0,1,1,110,14,88.71,0,1,,,,,,11,0.0662,,,,,0,,,,,,0,,,,,0,0,0,0,0,0,,,0,0,,3914,24.5011,0:00:22
2023-12-19,3897,-1,89.71,2,3,2010,1.69,32.84,3690,1.0561,3154,536,536,0,0,0,9,10,52,11,82.54,0,1,,,,,,208,0.6539,,,,,0,,,,,,0,,,,,0,0,0,0,0,0,,,0,0,,3897,16.9115,0:00:15
2025-12-03,3892,1,114.09,7,1,3761,1.78,23.18,3676,1.0588,2496,1180,1172,8,0,0,2,1,15,2,88.24,0,0,,,,,,191,0.2977,,,,,0,,,,,,0,,,,,0,0,0,0,0,0,,,0,0,,49274,46.9555,0:00:17
2024-08-28,3890,-1,129.51,2,0,1595,3.26,71.57,3798,1.0242,2695,1103,1103,0,0,0,0,1,84,29,74.34,0,0,,,,,,15,0.0437,,,,,0,,,,,,0,,,,,0,0,0,0,0,0,,,0,0,,3890,22.7916,0:00:21
2024-01-31,3887,3,75.27,0,3,1562,1.6,45.84,3740,1.0393,3232,508,508,0,0,0,3,0,33,6,84.62,1,1,,,,,,172,0.5842,,,,,0,,,,,,0,,,,,0,0,0,0,0,0,,,0,0,,3887,14.6053,0:00:13
2024-04-07,3879,0,107.04,,,1470,3.13,28.85,3590,1.0805,2207,1383,1383,0,0,0,0,0,37,3,92.5,0,0,,,,,,6,0.0239,,,,,0,,,,,,0,,,,,0,0,0,0,0,0,,,0,0,,3879,21.0842,0:00:19
2025-02-18,3850,0,95.27,,,1971,2.59,20.28,3657,1.0528,2681,976,976,0,0,0,0,0,10,3,76.92,0,0,,,,,,1,0.0047,,,,,0,,,,,,0,,,,,0,0,0,0,0,0,,,0,0,,3850,16.3056,0:00:15
2025-02-01,3846,-1,119.88,,,5456,2.02,33.77,3537,1.0874,2222,1315,1315,0,0,0,0,1,60,-14,130.43,0,0,,,,,,9,0.0338,,,,,0,,,,,,0,,,,,0,0,0,0,0,0,,,0,0,,3846,20.2641,0:00:18
2025-10-29,3816,0,168.37,,,2365,2.41,21.76,3670,1.0398,2456,1214,1207,7,0,0,0,0,6,0,100,0,0,,,,,,2,0.009,,,,,0,,,,,,0,,,,,0,0,0,0,0,0,,,0,0,,72577,59.0971,0:00:27
2025-02-20,3813,0,99.81,,,4001,1.75,27.75,3497,1.0904,2608,889,889,0,0,0,0,0,35,24,59.32,0,0,,,,,,5,0.0172,,,,,0,,,,,,0,,,,,0,0,0,0,0,0,,,0,0,,3813,16.8899,0:00:15
2024-05-18,3812,0,205.39,,,2244,2.85,39.07,3571,1.0675,2351,1220,1220,0,0,0,0,0,84,27,75.68,0,0,,,,,,4,0.0208,,,,,0,,,,,,0,,,,,0,0,0,0,0,0,,,0,0,,3812,36.0932,0:00:34
2025-05-28,3791,0,123.48,,,2272,3.74,47.74,3599,1.0533,2336,1263,1251,12,0,0,0,0,59,14,80.82,0,0,,,,,,10,0.0225,,,,,0,,,,,,0,,,,2,0,0,0,0,0,0,,,0,0,,3962,20.9068,0:00:19
2025-01-04,3772,-1,117.01,,,2698,2.15,56.02,3569,1.0569,2242,1327,1327,0,0,0,0,1,32,-19,246.15,0,0,,,,,,2,0.0091,,,,,0,,,,,,0,,,,,0,0,0,0,0,0,,,0,0,,3772,19.1118,0:00:18
2025-10-11,3770,0,128.14,,,3552,3.29,30.4,3593,1.0493,2369,1224,1216,8,0,0,0,0,5,-2,166.67,0,1,,,,,,15,0.0358,,,,,0,,,,,,0,,,,,0,0,0,0,0,0,,,0,0,,75704,52.5706,0:00:20
2025-05-19,3706,0,128.67,,,2376,4,27.74,3499,1.0592,2228,1271,1256,15,0,0,0,0,44,29,60.27,1,0,,,,,,19,0.0401,,,,,0,,,,,,0,,,,,0,0,0,0,0,0,,,0,0,,4290,20.7972,0:00:20
2024-02-06,3701,2,93,1,2,2540,3.86,36.29,3417,1.0831,2878,539,539,0,0,0,5,3,60,5,92.31,0,2,,,,,,174,1.7178,,,,,0,,,,,,0,,,,,0,0,0,0,0,0,,,0,0,,3701,17.2182,0:00:16
2025-05-02,3689,1,123.65,,,3584,3.18,62.14,3417,1.0796,2076,1341,1325,16,0,0,1,0,50,22,69.44,1,1,,,,,,20,0.0163,,,,,0,,,,,,0,,,,1,0,0,0,0,0,0,,,0,0,,4968,19.9806,0:00:19
2024-12-21,3654,0,122.82,,,2359,2.84,43.9,3449,1.0594,2124,1325,1325,0,0,0,0,0,50,-3,106.38,0,0,,,,,,13,0.0392,,,,,0,,,,,,0,,,,,0,0,0,0,0,0,,,0,0,,3654,19.4565,0:00:19
2025-02-12,3650,-1,122.34,,,1992,2.21,27.79,3423,1.0663,2417,1006,1006,0,0,0,0,1,33,14,70.21,0,0,,,,,,4,0.012,,,,,0,,,,,,0,,,,,0,0,0,0,0,0,,,0,0,,3650,19.9119,0:00:19
2024-02-23,3644,2,123.59,,,1481,2.43,44.6,3491,1.0438,2224,1267,1267,0,0,0,2,0,63,-2,103.28,0,0,,,,,,3,0.0112,,,,,0,,,,,,0,,,,,0,0,0,0,0,0,,,0,0,,3644,20.1286,0:00:19
2023-11-29,3643,3,100.83,0,1,3176,2.93,35.21,3283,1.1097,2947,336,336,0,0,0,11,8,40,11,78.43,0,2,,,,,,253,0.804,,,,,0,,,,,,0,,,,,0,0,0,0,0,0,,,0,0,,3643,16.1556,0:00:15
2025-04-29,3627,1,134.4,,,3042,2.2,94.14,3462,1.0477,2043,1419,1405,14,0,0,1,0,62,11,84.93,1,0,,,,,,1,0.0025,,,,,0,,,,,,0,,,,,0,0,0,0,0,0,,,0,0,,5231,21.1539,0:00:20
2024-12-30,3621,0,126.36,,,3227,1.83,36.67,3455,1.048,2168,1287,1287,0,0,0,0,0,55,15,78.57,0,0,,,,,,12,0.0409,,,,,0,,,,,,0,,,,,0,0,0,0,0,0,,,0,0,,3621,20.4503,0:00:20
2024-03-23,3614,0,117.33,,,3262,2.82,31.89,3384,1.068,2159,1225,1225,0,0,0,0,0,85,8,91.4,0,0,,,,,,20,0.0732,,,,,0,,,,,,0,,,,,0,0,0,0,0,0,,,0,0,,3614,21.9617,0:00:21
2025-11-29,3613,2,110.16,0,1,3554,3.15,35.69,3361,1.075,2347,1014,1010,4,0,0,3,1,5,5,50,0,1,,,,,,267,0.3758,,,,,0,,,,,,0,,,,,0,0,0,0,0,0,,,0,0,,38603,36.4955,0:00:16
2025-01-17,3603,0,116.99,,,2682,3.06,46.53,3349,1.0758,2156,1193,1193,0,0,0,0,0,59,16,78.67,0,0,,,,,,10,0.0335,,,,,0,,,,,,0,,,,,0,0,0,0,0,0,,,0,0,,3603,18.7071,0:00:18
2025-02-10,3602,0,164.27,,,1728,2.95,55.36,3498,1.0297,2255,1243,1243,0,0,0,0,0,58,16,78.38,0,0,,,,,,4,0.0103,,,,,0,,,,,,0,,,,,0,0,0,0,0,0,,,0,0,,3602,25.7566,0:00:25
2025-02-13,3599,2,111.85,,,2197,2.73,29.67,3412,1.0548,2406,1006,1006,0,0,0,2,0,40,-5,114.29,1,0,,,,,,4,0.023,,,,,0,,,,,,0,,,,2,0,0,0,0,0,0,,,0,0,,3599,17.9305,0:00:17
2025-12-09,3583,1,135.5,,,3160,1.99,14.27,3363,1.0654,2374,989,979,10,0,0,1,0,0,4,0,0,0,,,,,,11,0.039,,,,,0,,,,,,0,,,,,0,0,0,0,0,0,,,0,0,,54541,48.7739,0:00:21
2024-07-15,3564,0,127.13,,,1460,2.05,48.65,3409,1.0455,2184,1225,1225,0,0,0,0,0,119,41,74.38,0,0,,,,,,10,0.0359,,,,,0,,,,,,0,,,,,0,0,0,0,0,0,,,0,0,,3564,21.2753,0:00:21
2023-11-05,3556,0,162.49,,,16,43.75,,3377,1.053,3125,252,252,0,0,0,1,1,160,-49,144.14,0,0,,,,,,0,0,,,,,0,,,,,,0,,,,,0,0,0,0,0,0,,,0,0,,3556,24.0759,0:00:24
2023-11-21,3550,4,105.68,0,1,1214,2.06,36.73,3416,1.0392,3250,166,166,0,0,0,5,1,85,-10,113.33,0,0,,,,,,238,0.7986,,,,,0,,,,,,0,,,,,0,0,0,0,0,0,,,0,0,,3550,16.4294,0:00:16
2025-04-05,3549,0,111.82,,,3939,2.82,40.18,3392,1.0463,2067,1325,1312,13,0,0,0,0,60,-16,136.36,0,0,,,,,,22,0.0488,,,,,0,,,,,,0,,,,,0,0,0,0,0,0,,,0,0,,3915,17.2219,0:00:17
2025-04-03,3528,0,116.6,,,3795,4.06,35.23,3344,1.055,2168,1197,1192,5,0,0,0,0,71,14,83.53,0,0,,,,,,17,0.0384,,,,,0,,,,,,0,,,,,0,0,0,0,0,0,,,0,0,,4071,18.2101,0:00:18
2024-12-11,3503,0,144.8,,,1605,4.05,53.76,3345,1.0472,2063,1282,1282,0,0,0,0,0,58,-27,187.1,0,0,,,,,,10,0.0316,,,,,0,,,,,,0,,,,,0,0,0,0,0,0,,,0,0,,3503,21.5269,0:00:22
2024-06-08,3502,1,135.97,,,2440,3.4,48.11,3295,1.0628,2171,1124,1124,0,0,0,1,0,90,23,79.65,0,0,,,,,,6,0.0278,,,,,0,,,,,,0,,,,,0,0,0,0,0,0,,,0,0,,3502,24.1441,0:00:24
2024-08-06,3501,0,120.49,,,1276,1.88,51.49,3316,1.0558,2621,695,695,0,0,0,0,0,41,9,82,0,0,,,,,,3,0.011,,,,,0,,,,,,0,,,,,0,0,0,0,0,0,,,0,0,,3501,25.6214,0:00:26
2024-01-27,3498,2,119.87,0,3,2843,2.99,37.93,3227,1.084,2352,875,875,0,0,0,5,3,64,-7,112.28,0,0,,,,,,126,0.3928,,,,,0,,,,,,0,,,,,0,0,0,0,0,0,,,0,0,,3498,19.7512,0:00:20
2025-01-23,3457,-1,146.79,,,1505,4.58,35.48,3309,1.0447,2296,1013,1013,0,0,0,0,1,109,34,76.22,0,0,,,,,,8,0.0293,,,,,0,,,,,,0,,,,,0,0,0,0,0,0,,,0,0,,3457,23.3571,0:00:24
2025-01-28,3442,1,118.48,,,2684,2.16,34.03,3218,1.0696,2060,1158,1158,0,0,0,1,0,47,25,65.28,1,0,,,,,,7,0.0261,,,,,0,,,,,,0,,,,,0,0,0,0,0,0,,,0,0,,3442,17.9203,0:00:18
2025-05-22,3425,0,102.94,,,2733,3.48,28.19,3259,1.0509,2254,1005,988,17,0,0,0,0,43,-1,102.38,0,1,,,,,,19,0.0387,,,,,0,,,,,,0,,,,,0,0,0,0,0,0,,,0,0,,3877,15.8543,0:00:16
2024-04-06,3408,3,116.5,0,1,2955,2.2,33.28,3107,1.0969,1865,1242,1242,0,0,0,4,1,29,-15,207.14,0,0,,,,,,73,1.7983,,,,,0,,,,,,0,,,,,0,0,0,0,0,0,,,0,0,,3408,19.9051,0:00:21
2024-12-28,3392,0,120.76,,,2472,3.03,35.33,3198,1.0607,2063,1135,1135,0,0,0,0,0,37,-8,127.59,0,0,,,,,,4,0.0191,,,,,0,,,,,,0,,,,,0,0,0,0,0,0,,,0,0,,3392,17.7647,0:00:18
2024-02-14,3375,6,83.26,0,1,2229,1.57,44.32,3238,1.0423,2608,630,630,0,0,0,6,0,34,6,85,0,3,,,,,,68,0.2204,,,,,0,,,,,,0,,,,,0,0,0,0,0,0,,,0,0,,3375,14.203,0:00:15
2024-02-16,3357,5,97.24,0,2,2234,2.06,40.07,3192,1.0517,2510,682,682,0,0,0,8,3,83,15,84.69,0,0,,,,,,96,0.3433,,,,,0,,,,,,0,,,,,0,0,0,0,0,0,,,0,0,,3357,16.8044,0:00:18
2024-08-30,3343,0,108.06,,,2688,3.2,59.78,3254,1.0274,2485,769,769,0,0,0,0,0,38,-9,131.03,0,0,,,,,,2,0.0074,,,,,0,,,,,,0,,,,,0,0,0,0,0,0,,,0,0,,3343,15.5777,0:00:16
2025-01-08,3336,1,130.15,,,1552,3.87,44.54,3193,1.0448,2052,1141,1141,0,0,0,1,0,95,4,95.96,0,0,,,,,,22,0.0578,,,,,0,,,,,,0,,,,,0,0,0,0,0,0,,,0,0,,3336,19.7831,0:00:21
2025-04-10,3327,0,138.53,,,2726,3.15,29.71,3217,1.0342,1929,1288,1277,11,0,0,1,1,66,-12,122.22,0,1,,,,,,14,0.0374,,,,,0,,,,,,0,,,,,0,0,0,0,0,0,,,0,0,,3455,20.0819,0:00:21
2024-03-15,3313,3,99.5,0,3,5139,2.55,35.48,3091,1.0718,2290,801,801,0,0,0,4,1,35,7,83.33,0,2,,,,,,106,0.3264,,,,,0,,,,,,0,,,,,0,0,0,0,0,0,,,0,0,,3313,16.643,0:00:18
2024-12-19,3308,1,117.01,,,3268,2.54,37.78,3146,1.0515,2040,1106,1106,0,0,0,1,0,47,-12,134.29,0,0,,,,,,2,0.0059,,,,,0,,,,,,0,,,,,0,0,0,0,0,0,,,0,0,,3308,16.9757,0:00:18
2024-01-29,3306,2,145.74,3,3,888,2.14,39.67,3189,1.0367,2491,698,698,0,0,0,3,1,36,-30,600,0,0,,,,,,117,0.3716,,,,,0,,,,,,0,,,,,0,0,0,0,0,0,,,0,0,,3306,23.2873,0:00:25
2024-03-28,3295,-1,189.05,0,1,2321,3.49,33.07,3052,1.0796,2055,997,997,0,0,0,2,3,58,6,90.63,0,1,,,,,,33,0.095,,,,,0,,,,,,0,,,,,0,0,0,0,0,0,,,0,0,,3295,30.9234,0:00:33
2024-03-09,3275,1,111.63,0,1,3059,2.58,28.22,3100,1.0565,2066,1034,1034,0,0,0,3,2,85,33,72.03,0,4,,,,,,55,0.1995,,,,,0,,,,,,0,,,,,0,0,0,0,0,0,,,0,0,,3275,18.0197,0:00:19
2025-09-05,3272,0,108.77,,,1971,3.4,39.21,3001,1.0903,1951,1050,1036,14,0,0,0,0,3,1,75,0,0,,,,,,4,0.0115,,,,,0,,,,,,0,,,,,0,0,0,0,0,0,,,0,0,,3462,16.0159,0:00:17
2024-04-20,3258,0,103.2,,,2211,3.12,30.47,2989,1.09,1793,1196,1196,0,0,0,1,1,44,-36,550,2,0,,,,,,10,0.1406,,,,,0,,,,,,0,,,,,0,0,0,0,0,0,,,0,0,,3258,17.0858,0:00:18
2025-03-29,3258,0,122.85,,,3384,3.22,60.13,3065,1.063,1912,1153,1143,10,0,0,0,0,35,-3,109.38,0,0,,,,,,7,0.0203,,,,,0,,,,,,0,,,,,0,0,0,0,0,0,,,0,0,,3258,16.9962,0:00:18
2025-01-21,3256,1,134.63,,,3029,1.91,21.45,3118,1.0443,2064,1054,1054,0,0,0,1,0,130,28,82.28,0,0,,,,,,15,0.0685,,,,,0,,,,,,0,,,,,0,0,0,0,0,0,,,0,0,,3256,19.7051,0:00:21
2025-03-24,3238,1,165.79,,,2523,3.09,59.03,3150,1.0279,2115,1035,1020,15,0,0,1,0,74,9,89.16,0,0,,,,,,4,0.0196,,,,,0,,,,,,0,,,,,0,0,0,0,0,0,,,0,0,,3238,22.7978,0:00:25
2025-03-12,3229,0,139.54,,,2243,2.01,21.54,3102,1.0409,2052,1050,1050,0,0,0,0,0,44,22,66.67,0,0,,,,,,9,0.0449,,,,,0,,,,,,0,,,,1,0,0,0,0,0,0,,,0,0,,3229,19.7816,0:00:22
2025-12-11,3223,0,169.78,,,6034,2.09,20.51,2886,1.1168,1781,1105,1096,9,0,0,0,0,7,0,100,0,0,,,,,,15,0.0327,,,,,0,,,,,,0,,,,,0,0,0,0,0,0,,,0,0,,46333,47.1894,0:00:27
2025-05-24,3206,1,131.39,,,6261,2.44,27.43,2885,1.1113,1760,1125,1107,18,0,0,1,0,17,-26,-188.89,0,0,,,,,,31,0.0793,,,,,0,,,,,,0,,,,,0,0,0,0,0,0,,,0,0,,4159,19.2594,0:00:21
2024-02-26,3198,0,197.78,,,1971,2.49,23.25,2990,1.0696,2009,981,981,0,0,0,0,0,120,43,73.62,0,0,,,,,,0,0,,,,,0,,,,,,0,,,,,0,0,0,0,0,0,,,0,0,,3198,29.8208,0:00:33
2025-01-01,3193,0,128.12,,,2394,2.38,38.52,3065,1.0418,1856,1209,1209,0,0,0,0,0,64,11,85.33,0,0,,,,,,2,0.0036,,,,,0,,,,,,0,,,,,0,0,0,0,0,0,,,0,0,,3193,17.6639,0:00:19
2023-11-16,3183,2,92.86,0,2,77,1.3,37.89,3075,1.0351,2798,277,277,0,0,0,2,0,4,2,66.67,1,0,,,,,,120,0.4802,,,,,0,,,,,,0,,,,,0,0,0,0,0,0,,,0,0,,3183,12.5415,0:00:14
2025-12-07,3172,1,133.37,,,2925,1.3,13.31,2994,1.0595,1807,1187,1172,15,0,0,1,0,7,-3,175,0,0,,,,,,12,0.0288,,,,,0,,,,,,0,,,,,0,0,0,0,0,0,,,0,0,,44212,43.1369,0:00:21
2025-09-22,3157,0,114.77,,,6497,1.8,15.3,2899,1.089,1868,1031,1019,12,0,0,1,1,7,0,100,1,0,,,,,,22,0.0905,,,,,0,,,,,,0,,,,,0,0,0,0,0,0,,,0,0,,4227,16.7946,0:00:18
2025-09-11,3155,2,133.88,,,2851,2.14,19.41,3002,1.051,2141,861,853,8,0,0,2,0,-1,0,100,0,0,,,,,,11,0.0253,,,,,0,,,,,,0,,,,,0,0,0,0,0,0,,,0,0,,3551,18.9599,0:00:21
2025-04-02,3139,2,128.67,,,4714,2.82,52.4,3018,1.0401,1837,1191,1182,9,0,0,2,0,27,-3,112.5,0,0,,,,,,20,0.0431,,,,,0,,,,,,0,,,,,0,0,0,0,0,0,,,0,0,,3406,17.6306,0:00:20
2025-01-14,3113,0,113.01,,,3587,1.39,40.61,2996,1.0391,1928,1068,1068,0,0,0,1,1,44,-22,200,0,1,,,,,,0,0,,,,,0,,,,,,0,,,,,0,0,0,0,0,0,,,0,0,,3113,15.1242,0:00:17
2025-03-04,3108,1,117.12,,,3146,2.42,24.42,2920,1.0644,1889,1031,1031,0,0,0,1,0,66,18,78.57,0,0,,,,,,5,0.0224,,,,,0,,,,,,0,,,,,0,0,0,0,0,0,,,0,0,,3108,15.813,0:00:18
2024-03-16,3097,2,109.54,0,1,5038,2.78,29.65,2787,1.1112,1760,1027,1027,0,0,0,3,1,35,4,89.74,0,0,,,,,,47,0.2029,,,,,0,,,,,,0,,,,,0,0,0,0,0,0,,,0,0,,3097,16.61,0:00:19
2025-12-04,3095,1,132.91,0,1,3377,2.25,37.25,2858,1.0829,1859,1008,996,12,0,0,1,0,8,0,100,0,0,,,,,,121,0.2789,,,,,0,,,,,,0,,,,,0,0,0,0,0,0,,,0,0,,34462,40.2748,0:00:24
2025-02-17,3088,0,94.04,,,1660,3.19,60.1,2889,1.0689,2139,750,750,0,0,0,0,0,2,3,40,0,0,,,,,,3,0.0079,,,,,0,,,,,,0,,,,1,0,0,0,0,0,0,,,0,0,,3088,12.9232,0:00:15
2024-01-10,3080,4,90.61,0,1,1450,2.34,40.7,2949,1.0444,2686,263,263,0,0,0,6,2,37,3,92.5,0,0,,,,,,181,0.7837,,,,,0,,,,,,0,,,,,0,0,0,0,0,0,,,0,0,,3080,14.4031,0:00:16
2025-11-02,3073,1,124.69,,,4895,1.7,16.01,2887,1.0644,1757,1130,1125,5,0,0,1,0,0,-1,-0,2,0,,,,,,20,0.0193,,,,,0,,,,,,0,,,,,0,0,0,0,0,0,,,0,0,,53164,40.217,0:00:20
2024-03-14,3066,0,123.22,8,0,1505,3.65,44.58,2906,1.0551,1748,1158,1158,0,0,0,0,0,24,7,77.42,0,0,,,,,,5,0.0197,,,,,0,,,,,,0,,,,,0,0,0,0,0,0,,,0,0,,3066,18.4851,0:00:21
2024-04-14,3062,0,103.02,,,2058,2.09,26.19,2803,1.0924,1653,1150,1150,0,0,0,0,0,42,7,85.71,0,0,,,,,,2,0.0423,,,,,0,,,,,,0,,,,,0,0,0,0,0,0,,,0,0,,3062,16.6924,0:00:19
2023-12-09,3048,0,132.85,,,6352,1.56,47.69,2807,1.0859,2139,668,668,0,0,0,0,0,48,-35,369.23,0,0,,,,,,12,0.0444,,,,,0,,,,,,0,,,,,0,0,0,0,0,0,,,0,0,,3048,16.9609,0:00:20
2025-01-20,3042,1,122.09,,,1630,2.88,21.57,2904,1.0475,1902,1002,1002,0,0,0,1,0,61,25,70.93,0,0,,,,,,4,0.0489,,,,,0,,,,,,0,,,,,0,0,0,0,0,0,,,0,0,,3042,15.9954,0:00:18
2024-12-18,3032,1,129.59,,,2816,1.7,27.63,2911,1.0416,1907,1004,1004,0,0,0,1,0,37,-16,176.19,0,0,,,,,,5,0.0131,,,,,0,,,,,,0,,,,,0,0,0,0,0,0,,,0,0,,3032,17.7498,0:00:21
2025-10-12,3000,0,164.67,,,4166,2.11,30.83,2824,1.0623,1863,961,945,16,0,0,0,0,5,3,62.5,0,0,,,,,,10,0.0237,,,,,0,,,,,,0,,,,,0,0,0,0,0,0,,,0,0,,66899,48.6962,0:00:26
2024-03-11,2971,0,197.98,0,1,2673,2.77,27.64,2812,1.0565,1946,866,866,0,0,0,1,1,73,11,86.9,0,0,,,,,,26,0.0796,,,,,0,,,,,,0,,,,,0,0,0,0,0,0,,,0,0,,2971,27.2939,0:00:33
2025-01-15,2962,0,133.21,,,1718,3.14,34.04,2830,1.0466,1806,1024,1024,0,0,0,0,0,98,11,89.91,0,0,,,,,,3,0.0087,,,,,0,,,,,,0,,,,,0,0,0,0,0,0,,,0,0,,2962,17.1878,0:00:20
2024-08-05,2960,0,112.14,,,1604,2.31,38.24,2800,1.0571,2021,779,779,0,0,0,0,0,41,8,83.67,0,0,,,,,,7,0.0316,,,,,0,,,,,,0,,,,,0,0,0,0,0,0,,,0,0,,2960,17.1204,0:00:20
2024-02-27,2956,1,133.65,,,1651,3.21,29.02,2814,1.0505,2009,805,805,0,0,0,1,0,105,13,88.98,0,0,,,,,,15,0.055,,,,,0,,,,,,0,,,,,0,0,0,0,0,0,,,0,0,,2956,18.519,0:00:22
2024-11-20,2940,0,114.32,,,2101,3.19,46.78,2897,1.0148,1996,901,901,0,0,0,0,0,36,19,65.45,1,0,,,,,,15,0.0645,,,,,0,,,,,,0,,,,,0,0,0,0,0,0,,,0,0,,2940,15.3973,0:00:18
2025-09-12,2938,0,158.94,,,3299,2.33,20.2,2758,1.0653,1856,902,893,9,0,0,0,0,2,0,100,0,0,,,,,,17,0.0294,,,,,0,,,,,,0,,,,,0,0,0,0,0,0,,,0,0,,3235,21.1524,0:00:25
2025-10-18,2921,1,109.92,,,2724,2.28,43.67,2747,1.0633,1754,993,983,10,0,0,2,1,5,-6,-500,2,0,,,,,,13,0.0352,,,,,0,,,,,,0,,,,,0,0,0,0,0,0,,,0,0,,53095,40.9673,0:00:17
2023-11-06,2896,0,171.26,2,0,8,0,,2791,1.0376,2471,320,320,0,0,0,0,0,91,3,96.81,0,0,,,,,,0,0,,,,,0,,,,,,0,,,,,0,0,0,0,0,0,,,0,0,,2896,20.6659,0:00:25
2025-03-27,2894,1,123.44,,,2793,4.01,42.16,2754,1.0508,1685,1069,1055,14,0,0,1,0,48,-13,137.14,0,0,,,,,,9,0.0386,,,,,0,,,,,,0,,,,,0,0,0,0,0,0,,,0,0,,2894,15.4829,0:00:19
2024-02-09,2881,3,99.41,0,2,1674,2.15,42.18,2721,1.0588,2154,567,567,0,0,0,5,2,52,12,81.25,0,1,,,,,,119,0.3957,,,,,0,,,,,,0,,,,,0,0,0,0,0,0,,,0,0,,2881,14.0827,0:00:17
2024-04-04,2871,0,120.49,0,1,3688,1.71,32.79,2651,1.083,1708,943,943,0,0,0,1,1,51,7,87.93,0,1,,,,,,44,0.1331,,,,,0,,,,,,0,,,,,0,0,0,0,0,0,,,0,0,,2871,17.1476,0:00:21
2025-01-18,2871,1,118.58,,,2970,2.93,36.39,2668,1.0761,1714,954,954,0,0,0,1,0,25,-9,156.25,0,0,,,,,,4,0.054,,,,,0,,,,,,0,,,,,0,0,0,0,0,0,,,0,0,,2871,15.064,0:00:18
2024-02-03,2862,-1,180.75,,,1026,3.7,33.17,2668,1.0727,1653,1015,1015,0,0,0,0,1,41,17,70.69,0,0,,,,,,1,0.0031,,,,,0,,,,,,0,,,,,0,0,0,0,0,0,,,0,0,,2862,22.9163,0:00:28
2024-12-23,2861,0,143.35,,,1995,2.06,46.39,2769,1.0332,1814,955,955,0,0,0,0,0,45,19,70.31,0,0,,,,,,6,0.0283,,,,,0,,,,,,0,,,,,0,0,0,0,0,0,,,0,0,,2861,17.7128,0:00:22
2025-01-09,2861,0,148.28,,,1564,3.07,61.11,2782,1.0284,1732,1050,1050,0,0,0,0,0,67,-10,117.54,0,0,,,,,,8,0.0311,,,,,0,,,,,,0,,,,,0,0,0,0,0,0,,,0,0,,2861,18.7365,0:00:23
2025-03-15,2856,0,120.45,,,6194,1.7,26.27,2708,1.0547,1668,1040,1040,0,0,0,0,0,35,-28,500,0,0,,,,,,6,0.0315,,,,,0,,,,,,0,,,,,0,0,0,0,0,0,,,0,0,,2856,15.0499,0:00:18
2025-05-11,2856,-1,120.07,,,1863,3.54,31.44,2771,1.0307,1810,961,952,9,0,0,0,1,26,-5,123.81,0,0,,,,,,25,0.0702,,,,,0,,,,,,0,,,,,0,0,0,0,0,0,,,0,0,,3090,15.018,0:00:18
2024-06-01,2854,3,102.9,,,3007,1.96,39.95,2620,1.0893,1586,1034,1034,0,0,0,3,0,62,14,81.58,0,0,,,,,,8,0.035,,,,,0,,,,,,0,,,,,0,0,0,0,0,0,,,0,0,,2854,15.199,0:00:19
2025-04-23,2822,1,174.11,,,2864,2.62,77.92,2706,1.0429,1722,984,972,12,0,0,2,1,41,4,91.11,0,0,,,,,,25,0.0529,,,,,0,,,,,,0,,,,,0,0,0,0,0,0,,,0,0,,3722,21.3694,0:00:27
2024-05-29,2820,1,142.17,,,1693,2.36,63.12,2703,1.0433,1688,1015,1015,0,0,0,1,0,90,7,92.78,0,1,,,,,,4,0.0077,,,,,0,,,,,,0,,,,,0,0,0,0,0,0,,,0,0,,2820,21.6197,0:00:27
2024-04-03,2815,2,105.95,0,1,2296,2.44,36.29,2637,1.0675,1692,945,945,0,0,0,2,0,44,18,70.97,0,1,,,,,,41,0.1167,,,,,0,,,,,,0,,,,,0,0,0,0,0,0,,,0,0,,2815,15.2194,0:00:19
2025-05-06,2804,0,105.4,,,2305,2.39,38.1,2619,1.0706,1583,1036,1021,15,0,0,0,0,24,16,60,1,0,,,,,,22,0.0551,,,,,0,,,,,,0,,,,,0,0,0,0,0,0,,,0,0,,3020,12.9972,0:00:16
2025-01-27,2799,0,136.05,,,5560,1.03,25.89,2582,1.084,1637,945,945,0,0,0,0,0,27,5,84.38,0,0,,,,,,4,0.0212,,,,,0,,,,,,0,,,,,0,0,0,0,0,0,,,0,0,,2799,16.7159,0:00:21
2024-02-29,2777,0,165.96,,,2129,2.35,34.22,2627,1.0571,1775,852,852,0,0,0,0,0,105,-40,161.54,0,0,,,,,,2,0.0039,,,,,0,,,,,,0,,,,,0,0,0,0,0,0,,,0,0,,2777,24.7594,0:00:32
2024-03-25,2764,0,109.8,,,2316,2.59,30.62,2358,1.1722,1375,983,983,0,0,0,0,0,140,-3,102.19,0,0,,,,,,10,0.048,,,,,0,,,,,,0,,,,,0,0,0,0,0,0,,,0,0,,2764,15.7286,0:00:20
2024-03-29,2753,-2,211.27,0,1,2987,1.94,27.66,2595,1.0609,1720,875,875,0,0,0,0,2,67,9,88.16,2,0,,,,,,20,0.0681,,,,,0,,,,,,0,,,,,0,0,0,0,0,0,,,0,0,,2753,28.049,0:00:36
2024-04-18,2749,2,105.63,,,1998,2.55,27.01,2500,1.0996,1563,937,937,0,0,0,2,0,32,23,58.18,0,0,,,,,,4,0.0069,,,,,0,,,,,,0,,,,,0,0,0,0,0,0,,,0,0,,2749,15.1084,0:00:19
2025-10-31,2749,0,148.97,,,2337,3.94,36.6,2575,1.0676,1600,975,971,4,0,0,1,1,13,0,100,0,0,,,,,,19,0.0577,,,,,0,,,,,,0,,,,,0,0,0,0,0,0,,,0,0,,52591,39.9768,0:00:24
2025-04-07,2742,2,159.08,,,2329,3.35,50.7,2630,1.0426,1605,1025,1016,9,0,0,2,0,46,9,83.64,0,0,,,,,,10,0.0221,,,,,0,,,,,,0,,,,,0,0,0,0,0,0,,,0,0,,2882,18.6928,0:00:24
2025-11-14,2736,0,150.29,,,2152,3.49,53.94,2650,1.0325,1704,946,941,5,0,0,0,0,4,0,100,0,0,,,,,,9,0.0188,,,,,0,,,,,,0,,,,,0,0,0,0,0,0,,,0,0,,38168,37.9177,0:00:24
2024-03-03,2730,-1,139.65,11,0,839,4.65,45.59,2611,1.0456,1725,886,886,0,0,0,1,2,83,25,76.85,0,0,,,,,,7,0.0462,,,,,0,,,,,,0,,,,,0,0,0,0,0,0,,,0,0,,2730,17.6106,0:00:23
2024-04-29,2707,2,73.61,6,5,2062,4.41,31.57,2593,1.044,2181,412,412,0,0,0,3,1,21,8,72.41,0,0,,,,,,357,1.0268,,,,,0,,,,,,0,,,,,0,0,0,0,0,0,,,0,0,,2707,9.9464,0:00:13
2024-08-23,2703,0,111.99,,,1746,2.81,63.55,2559,1.0563,1628,931,931,0,0,0,0,0,76,13,85.39,0,0,,,,,,5,0.0186,,,,,0,,,,,,0,,,,,0,0,0,0,0,0,,,0,0,,2703,13.4139,0:00:17
2024-01-22,2684,-1,147.54,,,630,2.22,26.97,2572,1.0435,1795,777,777,0,0,0,0,1,62,0,100,0,0,,,,,,0,0,,,,,0,,,,,,0,,,,,0,0,0,0,0,0,,,0,0,,2684,24.0239,0:00:32
2025-01-06,2675,1,134.69,,,1508,3.18,58.2,2595,1.0308,1695,900,900,0,0,0,1,0,83,19,81.37,0,0,,,,,,6,0.0259,,,,,0,,,,,,0,,,,,0,0,0,0,0,0,,,0,0,,2675,17.4117,0:00:23
2025-02-11,2672,0,179.82,,,1484,2.7,32.61,2576,1.0373,1597,979,979,0,0,0,0,0,41,-9,128.13,0,0,,,,,,2,0.007,,,,,0,,,,,,0,,,,1,0,0,0,0,0,0,,,0,0,,2672,20.6179,0:00:27
2025-04-08,2661,0,137.03,,,2268,3.66,33.18,2558,1.0403,1604,954,948,6,0,0,1,1,59,2,96.72,0,0,,,,,,18,0.0192,,,,,0,,,,,,0,,,,,0,0,0,0,0,0,,,0,0,,2920,15.8473,0:00:21
2025-12-02,2661,0,141.43,,,3419,1.84,14.99,2516,1.0576,1600,916,900,16,0,0,0,0,8,3,72.73,0,1,,,,,,21,0.0548,,,,,0,,,,,,0,,,,,0,0,0,0,0,0,,,0,0,,36069,39.9558,0:00:22
2024-11-13,2657,0,120.14,,,4126,2.18,27.54,2553,1.0407,1840,713,713,0,0,0,0,0,53,14,79.1,0,0,,,,,,6,0.0369,,,,,0,,,,,,0,,,,,0,0,0,0,0,0,,,0,0,,2657,14.7082,0:00:19
2025-01-22,2642,0,122.82,,,7094,2.61,36.08,2381,1.1096,1539,842,842,0,0,0,1,1,46,-34,383.33,0,1,,,,,,12,0.0348,,,,,0,,,,,,0,,,,,0,0,0,0,0,0,,,0,0,,2642,14.2176,0:00:19
2025-05-07,2640,1,122.45,,,2663,2.33,19.62,2513,1.0505,1591,922,909,13,0,0,2,1,61,8,88.41,1,0,,,,,,3,0.0027,,,,,0,,,,,,0,,,,3,0,0,0,0,0,0,,,0,0,,3055,14.2638,0:00:19
2025-12-08,2633,-1,117.6,,,3837,2.16,25.25,2445,1.0769,1482,963,950,13,0,0,0,1,9,-1,112.5,0,0,,,,,,5,0.0222,,,,,0,,,,,,0,,,,,0,0,0,0,0,0,,,0,0,,38605,34.9823,0:00:18
2024-12-25,2631,0,143.73,,,1815,2.87,56.54,2554,1.0301,1610,944,944,0,0,0,0,0,42,-13,144.83,0,0,,,,,,7,0.0202,,,,,0,,,,,,0,,,,,0,0,0,0,0,0,,,0,0,,2631,16.1622,0:00:22
2024-02-11,2617,0,91.56,0,1,1362,2.79,37.14,2478,1.0561,1689,789,789,0,0,0,2,2,24,2,92.31,0,0,,,,,,78,0.2347,,,,,0,,,,,,0,,,,,0,0,0,0,0,0,,,0,0,,2617,11.1767,0:00:15
2023-12-18,2615,2,84.68,6,2,1052,2.85,36.49,2463,1.0617,2119,344,344,0,0,0,2,0,24,-29,-480,0,0,,,,,,221,0.7581,,,,,0,,,,,,0,,,,,0,0,0,0,0,0,,,0,0,,2615,10.2663,0:00:14
2025-02-19,2603,1,97.8,,,3038,2.14,24.84,2473,1.0526,1797,676,676,0,0,0,2,1,7,0,100,0,1,,,,,,6,0.0093,,,,,0,,,,,,0,,,,,0,0,0,0,0,0,,,0,0,,2603,11.4666,0:00:15
2025-01-29,2601,0,122.7,,,3036,2.27,39.94,2448,1.0625,1474,974,974,0,0,0,0,0,44,-11,133.33,0,0,,,,,,8,0.0366,,,,,0,,,,,,0,,,,,0,0,0,0,0,0,,,0,0,,2601,13.8988,0:00:19
2024-10-17,2597,0,114.97,,,1455,3.51,69.09,2535,1.0245,1869,666,666,0,0,0,0,0,27,26,50.94,0,1,,,,,,6,0.0309,,,,,0,,,,,,0,,,,,0,0,0,0,0,0,,,0,0,,2597,12.8739,0:00:17
2024-05-04,2593,0,193.68,,,2445,2.21,22.2,2253,1.1509,1320,933,933,0,0,0,0,0,54,1,98.18,0,0,,,,,,6,0.0258,,,,,0,,,,,,0,,,,,0,0,0,0,0,0,,,0,0,,2593,23.3968,0:00:32
2025-02-24,2586,1,148.93,,,5369,1.56,34.5,2471,1.0465,1584,887,887,0,0,0,1,0,77,1,98.72,0,0,,,,,,6,0.0246,,,,,0,,,,,,0,,,,,0,0,0,0,0,0,,,0,0,,2586,17.0911,0:00:23
2024-10-23,2576,1,113.85,,,1792,2.18,48.63,2528,1.019,1890,638,638,0,0,0,1,0,31,13,70.45,0,0,,,,,,4,0.0171,,,,,0,,,,,,0,,,,,0,0,0,0,0,0,,,0,0,,2576,13.0664,0:00:18
2024-08-26,2572,1,113.39,,,1513,2.25,59.79,2449,1.0502,1565,884,884,0,0,0,1,0,43,7,86,0,0,,,,,,3,0.0149,,,,,0,,,,,,0,,,,,0,0,0,0,0,0,,,0,0,,2572,13.4615,0:00:18
2025-09-14,2556,0,118.65,,,3017,2.39,23.75,2366,1.0803,1597,769,757,12,0,0,1,1,3,1,75,0,0,,,,,,24,0.0642,,,,,0,,,,,,0,,,,,0,0,0,0,0,0,,,0,0,,2954,13.7332,0:00:19
2024-03-13,2544,0,142.86,1,1,3192,2.35,27.25,2373,1.0721,1543,830,830,0,0,0,0,0,29,3,90.63,0,0,,,,,,23,0.0794,,,,,0,,,,,,0,,,,,0,0,0,0,0,0,,,0,0,,2544,17.9581,0:00:25
2024-08-11,2533,0,140.37,,,1708,2.81,36.6,2361,1.0729,1525,836,836,0,0,0,0,0,29,10,74.36,0,0,,,,,,6,0.024,,,,,0,,,,,,0,,,,,0,0,0,0,0,0,,,0,0,,2533,15.7938,0:00:22
2024-01-20,2521,2,96.04,,,1031,2.52,44.55,2413,1.0448,1625,788,788,0,0,0,2,0,82,10,89.13,0,0,,,,,,1,0.0049,,,,,0,,,,,,0,,,,,0,0,0,0,0,0,,,0,0,,2521,13.5226,0:00:19
2025-12-13,2519,1,113.83,0,1,2512,2.87,46.45,2319,1.0862,1401,918,915,3,0,0,2,1,7,-1,116.67,0,1,,,,,,48,0.0738,,,,,0,,,,,,0,,,,,0,0,0,0,0,0,,,0,0,,31502,28.6021,0:00:18
2024-03-08,2515,5,94.81,0,2,3630,2.51,34.42,2377,1.0581,1768,609,609,0,0,0,7,2,57,-5,109.62,0,0,,,,,,122,0.433,,,,,0,,,,,,0,,,,,0,0,0,0,0,0,,,0,0,,2515,12.1933,0:00:17
2025-01-11,2508,1,94.47,,,2699,3.3,45.37,2298,1.0914,1434,864,864,0,0,0,1,0,11,-15,-275,0,0,,,,,,3,0.0287,,,,,0,,,,,,0,,,,,0,0,0,0,0,0,,,0,0,,2508,10.6213,0:00:15
2024-08-20,2507,0,113.7,,,4044,0.77,37,2382,1.0525,1580,802,802,0,0,0,0,0,37,13,74,1,0,,,,,,1,0.0238,,,,,0,,,,,,0,,,,,0,0,0,0,0,0,,,0,0,,2507,12.8539,0:00:18
2023-11-30,2506,2,214.46,,,2165,2.17,28.13,2281,1.0986,1754,527,527,0,0,0,4,2,100,20,83.33,0,0,,,,,,33,0.1053,,,,,0,,,,,,0,,,,,0,0,0,0,0,0,,,0,0,,2506,22.7063,0:00:32
2024-01-08,2502,1,102.24,4,1,2049,2.93,39.9,2377,1.0526,1880,497,497,0,0,0,3,2,68,-16,130.77,0,0,,,,,,44,0.1618,,,,,0,,,,,,0,,,,,0,0,0,0,0,0,,,0,0,,2502,15.8605,0:00:22
2024-09-13,2495,1,149.05,,,1282,2.11,55.67,2408,1.0361,1803,605,605,0,0,0,1,0,26,4,86.67,0,0,,,,,,4,0.0152,,,,,0,,,,,,0,,,,,0,0,0,0,0,0,,,0,0,,2495,16.4284,0:00:23
2024-08-27,2482,0,141.96,,,1837,2.29,42.7,2360,1.0517,1478,882,882,0,0,0,0,0,58,1,98.31,0,0,,,,,,5,0.0149,,,,,0,,,,,,0,,,,,0,0,0,0,0,0,,,0,0,,2482,15.9039,0:00:23
2025-01-25,2480,1,101.36,,,2808,1.99,56.63,2374,1.0447,1460,914,914,0,0,0,1,0,31,-18,238.46,0,0,,,,,,7,0.0281,,,,,0,,,,,,0,,,,,0,0,0,0,0,0,,,0,0,,2480,11.0968,0:00:16
2024-05-19,2476,1,201.28,,,2373,1.85,23.65,2353,1.0523,1439,914,914,0,0,0,1,0,59,-10,120.41,0,0,,,,,,5,0.017,,,,,0,,,,,,0,,,,,0,0,0,0,0,0,,,0,0,,2476,22.5282,0:00:32
2024-09-11,2431,1,143.88,,,700,2.57,74.51,2392,1.0163,1819,573,573,0,0,0,1,0,33,16,67.35,0,0,,,,,,1,0.0056,,,,,0,,,,,,0,,,,,0,0,0,0,0,0,,,0,0,,2431,15.7734,0:00:23
2024-08-04,2422,0,125.89,,,1075,3.81,42.86,2316,1.0458,1559,757,757,0,0,0,0,0,60,2,96.77,1,0,,,,,,2,0.0054,,,,,0,,,,,,0,,,,,0,0,0,0,0,0,,,0,0,,2422,13.9228,0:00:20
2025-05-03,2406,1,123.06,,,2660,2.82,34.84,2255,1.067,1274,981,970,11,0,0,1,0,38,-9,131.03,0,1,,,,,,27,0.1022,,,,,0,,,,,,0,,,,,0,0,0,0,0,0,,,0,0,,2799,13.1008,0:00:19
2025-09-13,2404,1,124.92,,,4253,1.55,19.81,2248,1.0694,1488,760,752,8,0,0,1,0,2,1,66.67,0,0,,,,,,18,0.0283,,,,,0,,,,,,0,,,,,0,0,0,0,0,0,,,0,0,,3004,13.6767,0:00:20
2025-11-04,2403,0,122.22,,,2461,1.38,18.25,2285,1.0516,1507,778,765,13,0,0,0,0,4,-1,133.33,0,0,,,,,,31,0.1838,,,,,0,,,,,,0,,,,,0,0,0,0,0,0,,,0,0,,39940,32.6002,0:00:19
2025-09-06,2402,0,106.79,,,2720,2.17,22.06,2185,1.0993,1359,826,819,7,0,0,1,1,-1,1,,0,0,,,,,,8,0.0119,,,,,0,,,,,,0,,,,,0,0,0,0,0,0,,,0,0,,2646,11.5958,0:00:17
2025-10-03,2399,1,141.66,,,2801,3.18,31.91,2224,1.0787,1426,798,787,11,0,0,3,2,9,-4,180,0,0,,,,,,14,0.0424,,,,,0,,,,,,0,,,,,0,0,0,0,0,0,,,0,0,,42233,35.2748,0:00:22
2025-09-07,2397,0,111.21,,,1925,1.71,44.72,2256,1.0625,1556,700,692,8,0,0,0,0,-2,-3,40,0,0,,,,,,5,0.0073,,,,,0,,,,,,0,,,,,0,0,0,0,0,0,,,0,0,,2450,11.9555,0:00:17
2024-08-22,2394,1,118.98,,,2607,1.15,22.55,2263,1.0579,1407,856,856,0,0,0,1,0,76,0,100,0,1,,,,,,34,0.1181,,,,,0,,,,,,0,,,,,0,0,0,0,0,0,,,0,0,,2394,12.6538,0:00:19
2024-03-21,2392,0,94.56,0,1,2124,3.01,30.83,2250,1.0631,1527,723,723,0,0,0,1,1,17,1,94.44,0,0,,,,,,53,0.224,,,,,0,,,,,,0,,,,,0,0,0,0,0,0,,,0,0,,2392,11.8121,0:00:17
2024-01-21,2382,1,121.55,,,364,3.02,32.43,2297,1.037,1606,691,691,0,0,0,1,0,69,11,86.25,0,0,,,,,,0,0,,,,,0,,,,,,0,,,,,0,0,0,0,0,0,,,0,0,,2382,16.5814,0:00:25
2024-04-02,2379,2,105.55,0,1,3169,2.81,38.49,2167,1.0978,1420,747,747,0,0,0,2,0,44,-1,102.33,1,0,,,,,,64,0.2114,,,,,0,,,,,,0,,,,,0,0,0,0,0,0,,,0,0,,2379,12.802,0:00:19
2024-08-24,2373,0,119.46,,,1410,2.2,54.55,2258,1.0509,1407,851,851,0,0,0,0,0,47,-6,114.63,0,0,,,,,,7,0.0274,,,,,0,,,,,,0,,,,,0,0,0,0,0,0,,,0,0,,2373,12.5069,0:00:18
2024-03-27,2372,3,106.79,0,1,3173,2.62,43.47,2212,1.0723,1457,755,755,0,0,0,4,1,36,-4,112.5,0,0,,,,,,58,0.225,,,,,0,,,,,,0,,,,,0,0,0,0,0,0,,,0,0,,2372,13.1775,0:00:20
2025-02-05,2371,1,124.57,,,2218,2.61,39.57,2273,1.0431,1540,733,733,0,0,0,1,0,30,-40,-300,0,0,,,,,,11,0.0501,,,,,0,,,,,,0,,,,,0,0,0,0,0,0,,,0,0,,2371,12.7821,0:00:19
2024-08-09,2364,2,112.44,,,2120,2.08,57.02,2243,1.0539,1422,821,821,0,0,0,2,0,25,4,86.21,0,0,,,,,,1,0.0013,,,,,0,,,,,,0,,,,,0,0,0,0,0,0,,,0,0,,2364,13.3057,0:00:20
2023-12-31,2361,2,92.09,0,2,1629,2.03,30.74,2231,1.0583,1798,433,433,0,0,0,4,2,69,-20,140.82,0,0,,,,,,86,0.2767,,,,,0,,,,,,0,,,,,0,0,0,0,0,0,,,0,0,,2361,12.3243,0:00:18
2024-04-08,2349,0,100,,,1880,2.23,30.27,2179,1.078,1321,858,858,0,0,0,0,0,26,7,78.79,1,1,,,,,,3,0.0093,,,,,0,,,,,,0,,,,,0,0,0,0,0,0,,,0,0,,2349,12.1793,0:00:18
2024-04-22,2345,1,158.44,,,1171,3.16,50.41,2195,1.0683,1306,889,889,0,0,0,1,0,37,12,75.51,0,0,,,,,,3,0.0077,,,,,0,,,,,,0,,,,,0,0,0,0,0,0,,,0,0,,2345,19.3564,0:00:29
2025-09-08,2341,0,113.75,,,2232,3,31.1,2211,1.0588,1536,675,667,8,0,0,0,0,3,3,50,0,0,,,,,,7,0.0136,,,,,0,,,,,,0,,,,,0,0,0,0,0,0,,,0,0,,2660,12.0867,0:00:18
2025-10-19,2327,0,124.2,,,1934,1.19,9.03,2245,1.0365,1419,826,818,8,0,0,0,0,-2,1,200,0,0,,,,,,4,0.0131,,,,,0,,,,,,0,,,,,0,0,0,0,0,0,,,0,0,,43617,33.4362,0:00:20
2025-02-22,2321,1,107.06,,,2686,2.68,45.08,2170,1.0696,1286,884,884,0,0,0,1,0,30,-15,200,1,0,,,,,,7,0.0154,,,,,0,,,,,,0,,,,,0,0,0,0,0,0,,,0,0,,2321,11.0866,0:00:17
2025-11-08,2302,1,100.97,,,3907,2.38,18.5,2150,1.0707,1331,819,809,10,0,0,1,0,5,-1,125,0,0,,,,,,18,0.0472,,,,,0,,,,,,0,,,,,0,0,0,0,0,0,,,0,0,,30060,26.1404,0:00:16
2024-08-08,2301,0,123.92,,,1168,2.91,61.73,2211,1.0407,1611,600,600,0,0,0,0,0,21,-1,105,0,0,,,,,,6,0.0249,,,,,0,,,,,,0,,,,,0,0,0,0,0,0,,,0,0,,2301,17.2369,0:00:26
2024-09-05,2301,1,124.05,,,765,1.7,54.79,2279,1.0097,1697,582,582,0,0,0,1,0,54,8,87.1,0,0,,,,,,1,0.0031,,,,,0,,,,,,0,,,,,0,0,0,0,0,0,,,0,0,,2301,13.23,0:00:20
2024-05-08,2295,1,107.03,2,2,1567,2.74,25.09,2151,1.0669,1388,763,763,0,0,0,3,2,20,9,68.97,0,0,,,,,,77,0.2542,,,,,0,,,,,,0,,,,,0,0,0,0,0,0,,,0,0,,2295,11.9954,0:00:18
2024-06-23,2294,3,119.62,,,2876,2.4,47.64,2141,1.0715,1365,776,776,0,0,0,3,0,44,15,74.58,0,0,,,,,,3,0.0092,,,,,0,,,,,,0,,,,,0,0,0,0,0,0,,,0,0,,2294,13.1474,0:00:20
2023-11-12,2292,0,96.21,,,10,0,,2268,1.0106,2049,219,219,0,0,0,0,0,2,-2,,0,0,,,,,,0,0,,,,,0,,,,,,0,,,,,0,0,0,0,0,0,,,0,0,,2292,9.1881,0:00:14
2024-12-05,2285,0,139.24,,,2515,2.74,47.37,2212,1.033,1472,740,740,0,0,0,0,0,29,4,87.88,0,0,,,,,,2,1.0264,,,,,0,,,,,,0,,,,,0,0,0,0,0,0,,,0,0,,2285,14.0645,0:00:22
2025-10-04,2273,0,122.18,,,2387,4.36,58.47,2132,1.0661,1362,770,757,13,0,0,0,0,3,1,75,0,0,,,,,,8,0.0303,,,,,0,,,,,,0,,,,,0,0,0,0,0,0,,,0,0,,39630,31.3818,0:00:19
2025-08-28,2266,2,110.08,,,1883,2.18,22.65,2063,1.0984,1308,755,742,13,0,0,2,0,7,2,77.78,0,0,,,,,,14,0.0427,,,,,0,,,,,,0,,,,,0,0,0,0,0,0,,,0,0,,2714,11.364,0:00:17
2025-02-08,2265,-1,99.12,,,2508,2.39,47.88,2116,1.0704,1432,684,684,0,0,0,0,1,9,-38,-31.03,0,0,,,,,,6,0.0242,,,,,0,,,,,,0,,,,,0,0,0,0,0,0,,,0,0,,2265,9.9354,0:00:15
2024-07-30,2258,1,142.78,,,2016,2.23,32.46,2108,1.0712,1494,614,614,0,0,0,1,0,67,36,65.05,0,0,,,,,,6,0.0227,,,,,0,,,,,,0,,,,,0,0,0,0,0,0,,,0,0,,2258,17.4713,0:00:27
2024-01-09,2255,4,92.26,4,2,1541,2.01,36.68,2136,1.0557,1775,361,361,0,0,0,4,0,26,-8,144.44,0,0,,,,,,62,0.1764,,,,,0,,,,,,0,,,,,0,0,0,0,0,0,,,0,0,,2255,11.5303,0:00:18
2025-09-20,2255,0,183.07,,,3135,2.04,21.1,2082,1.0831,1354,728,718,10,0,0,1,1,15,0,100,0,0,,,,,,12,0.029,,,,,0,,,,,,0,,,,,0,0,0,0,0,0,,,0,0,,2607,18.6492,0:00:29
2025-02-27,2254,1,119.4,,,3279,2.35,13.03,2150,1.0484,1483,667,667,0,0,0,1,0,61,22,73.49,0,0,,,,,,3,0.0664,,,,,0,,,,,,0,,,,,0,0,0,0,0,0,,,0,0,,2254,11.8737,0:00:18
2024-08-15,2250,1,131.56,,,1474,2.65,29.49,2118,1.0623,1422,696,696,0,0,0,1,0,39,2,95.12,0,1,,,,,,6,0.0278,,,,,0,,,,,,0,,,,,0,0,0,0,0,0,,,0,0,,2250,13.3582,0:00:21
2025-09-04,2246,0,97.46,,,2514,2.43,39.09,2058,1.0914,1269,789,780,9,0,0,1,1,6,2,75,0,0,,,,,,10,0.0306,,,,,0,,,,,,0,,,,,0,0,0,0,0,0,,,0,0,,2321,9.8161,0:00:15
2024-08-29,2231,-1,185.93,,,1508,2.72,40.72,2182,1.0225,1665,517,517,0,0,0,0,1,67,20,77.01,1,0,,,,,,1,0.0013,,,,,0,,,,,,0,,,,,0,0,0,0,0,0,,,0,0,,2231,18.6811,0:00:30
2024-08-21,2219,-1,146.04,,,3357,1.7,36.02,2077,1.0684,1312,765,765,0,0,0,0,1,33,0,100,0,0,,,,,,1,0.0034,,,,,0,,,,,,0,,,,,0,0,0,0,0,0,,,0,0,,2219,14.4283,0:00:23
2024-04-16,2217,0,115.22,,,1617,2.41,41,2082,1.0648,1154,928,928,0,0,0,0,0,26,4,86.67,1,0,,,,,,3,0.0175,,,,,0,,,,,,0,,,,,0,0,0,0,0,0,,,0,0,,2217,12.7849,0:00:20
2025-10-17,2217,1,141.17,,,2128,3.62,41.14,2084,1.0638,1269,815,808,7,0,0,1,0,-2,7,-40,0,0,,,,,,26,0.0762,,,,,0,,,,,,0,,,,,0,0,0,0,0,0,,,0,0,,41484,34.177,0:00:22
2024-02-05,2207,0,73.14,6,3,2687,1.82,31.78,2078,1.0621,1757,298,298,0,0,0,3,3,22,6,78.57,0,2,,,,,,117,0.4123,,,,,0,,,,,,0,,,,,0,0,0,0,0,0,,,0,0,,2207,8.1118,0:00:13
2024-01-30,2199,1,81.47,0,3,1762,4.03,32.79,2065,1.0649,1756,309,309,0,0,0,5,4,21,-5,131.25,0,0,,,,,,147,0.4728,,,,,0,,,,,,0,,,,,0,0,0,0,0,0,,,0,0,,2199,9.1001,0:00:14
2024-08-25,2194,0,145.35,,,1866,2.52,21.46,2064,1.063,1287,777,777,0,0,0,0,0,39,-4,111.43,0,0,,,,,,3,0.0147,,,,,0,,,,,,0,,,,,0,0,0,0,0,0,,,0,0,,2194,14.7737,0:00:24
2025-02-23,2191,-1,124.59,,,2628,3.69,35.25,2030,1.0793,1281,749,749,0,0,0,0,1,59,18,76.62,0,0,,,,,,2,0.008,,,,,0,,,,,,0,,,,,0,0,0,0,0,0,,,0,0,,2191,12.4295,0:00:20
2024-09-06,2189,0,113.13,,,1626,2.28,52,2115,1.035,1376,739,739,0,0,0,0,0,54,-8,117.39,0,0,,,,,,0,0,,,,,0,,,,,,0,,,,,0,0,0,0,0,0,,,0,0,,2189,10.9194,0:00:17
2024-11-01,2188,-1,111.57,,,2959,2.84,45.71,2068,1.058,1305,763,763,0,0,0,0,1,35,20,63.64,0,0,,,,,,7,0.0265,,,,,0,,,,,,0,,,,,0,0,0,0,0,0,,,0,0,,2188,10.9127,0:00:17
2024-08-07,2176,0,115.13,,,1441,1.87,34.41,2089,1.0416,1518,571,571,0,0,0,0,0,27,-7,135,0,0,,,,,,4,0.0114,,,,,0,,,,,,0,,,,,0,0,0,0,0,0,,,0,0,,2176,15.3003,0:00:25
2025-10-02,2162,0,110.32,,,2186,2.88,19.15,2027,1.0666,1332,695,689,6,0,0,1,1,4,3,57.14,0,0,,,,,,7,0.0193,,,,,0,,,,,,0,,,,,0,0,0,0,0,0,,,0,0,,32972,32.9851,0:00:17
2024-08-19,2155,0,144.54,,,1772,4.68,50.66,1928,1.1177,1207,721,721,0,0,0,1,1,41,2,95.35,0,0,,,,,,5,0.0134,,,,,0,,,,,,0,,,,,0,0,0,0,0,0,,,0,0,,2155,14.2592,0:00:23
2024-09-20,2154,0,151.22,,,2048,2.29,53.44,2044,1.0538,1387,657,657,0,0,0,0,0,42,12,77.78,0,0,,,,,,0,0,,,,,0,,,,,,0,,,,,0,0,0,0,0,0,,,0,0,,2154,15.3679,0:00:25
2025-02-03,2150,1,164.15,,,1992,2.96,53.69,2021,1.0638,1294,727,727,0,0,0,1,0,23,21,52.27,0,0,,,,,,24,0.0852,,,,,0,,,,,,0,,,,,0,0,0,0,0,0,,,0,0,,2150,16.0025,0:00:26
2024-08-17,2141,-1,121.35,,,1332,3.23,26.9,2004,1.0684,1282,722,722,0,0,0,0,1,32,7,82.05,0,0,,,,,,1,0.0013,,,,,0,,,,,,0,,,,,0,0,0,0,0,0,,,0,0,,2141,11.8815,0:00:19
2024-04-10,2132,0,124.53,,,2008,3.78,55.9,1950,1.0933,1104,846,846,0,0,0,0,0,23,13,63.89,4,0,,,,,,5,0.02,,,,,0,,,,,,0,,,,,0,0,0,0,0,0,,,0,0,,2132,13.0664,0:00:22
2024-01-19,2127,0,131.61,0,1,1096,2.1,35.89,2020,1.053,1458,562,562,0,0,0,1,1,37,1,97.37,0,0,,,,,,26,0.088,,,,,0,,,,,,0,,,,,0,0,0,0,0,0,,,0,0,,2127,14.7827,0:00:25
2024-11-08,2125,2,118.42,,,3539,4.35,44.67,1891,1.1237,1210,681,681,0,0,0,2,0,14,-9,280,0,1,,,,,,13,0.0561,,,,,0,,,,,,0,,,,,0,0,0,0,0,0,,,0,0,,2125,11.3574,0:00:19
2025-04-17,2117,0,130.82,,,2280,4.08,54.38,1998,1.0596,1218,780,776,4,0,0,0,0,68,0,100,1,0,,,,,,18,0.0404,,,,,0,,,,,,0,,,,1,0,0,0,0,0,0,,,0,0,,2493,12.5615,0:00:21
2025-09-09,2117,1,137.52,,,2718,1.55,17.78,2051,1.0322,1388,663,651,12,0,0,1,0,2,0,100,0,0,,,,,,12,0.0272,,,,,0,,,,,,0,,,,,0,0,0,0,0,0,,,0,0,,2313,13.1549,0:00:22
2024-12-16,2116,0,176.42,,,2508,1.95,29.05,2016,1.0496,1331,685,685,0,0,0,0,0,43,7,86,0,0,,,,,,4,0.0167,,,,,0,,,,,,0,,,,,0,0,0,0,0,0,,,0,0,,2116,18.3854,0:00:31
2024-09-04,2101,0,144.94,,,869,2.99,47.5,2068,1.016,1445,623,623,0,0,0,0,0,50,20,71.43,0,0,,,,,,0,0,,,,,0,,,,,,0,,,,,0,0,0,0,0,0,,,0,0,,2101,13.8923,0:00:23
2025-11-03,2096,0,124.65,,,2593,2.2,17.6,2014,1.0407,1278,736,726,10,0,0,1,1,3,1,75,0,0,,,,,,16,0.033,,,,,0,,,,,,0,,,,,0,0,0,0,0,0,,,0,0,,34914,27.9943,0:00:20
2024-11-29,2095,0,93.27,,,4528,3.25,37.2,1915,1.094,1310,605,605,0,0,0,0,0,22,-1,104.76,0,0,,,,,,18,0.1035,,,,,0,,,,,,0,,,,,0,0,0,0,0,0,,,0,0,,2095,9.3442,0:00:16
2024-03-24,2087,0,109,,,2258,2.88,22.15,1878,1.1113,1092,786,786,0,0,0,0,0,41,-11,136.67,0,0,,,,,,42,0.1078,,,,,0,,,,,,0,,,,,0,0,0,0,0,0,,,0,0,,2087,11.6477,0:00:20
2024-08-18,2084,-1,145.07,,,1876,3.41,30.08,1906,1.0934,1198,708,708,0,0,0,0,1,31,-8,134.78,0,0,,,,,,0,0,,,,,0,,,,,,0,,,,,0,0,0,0,0,0,,,0,0,,2084,14.1853,0:00:24
2024-09-27,2076,1,124.7,,,1962,2.09,48.53,1992,1.0422,1362,630,630,0,0,0,1,0,46,9,83.64,0,1,,,,,,6,0.0128,,,,,0,,,,,,0,,,,,0,0,0,0,0,0,,,0,0,,2076,11.84,0:00:20
2025-08-29,2073,0,105.21,,,1698,3.59,58.1,1885,1.0997,1133,752,746,6,0,0,0,0,0,-1,-0,0,0,,,,,,7,0.0124,,,,,0,,,,,,0,,,,,0,0,0,0,0,0,,,0,0,,2150,9.7732,0:00:16
2025-01-30,2053,0,106.09,,,1986,4.63,56.96,1938,1.0593,1197,741,741,0,0,0,0,0,38,-3,108.57,1,0,,,,,,24,0.0702,,,,,0,,,,,,0,,,,,0,0,0,0,0,0,,,0,0,,2053,10.1118,0:00:17
2024-08-10,2052,1,117.02,,,2798,1.22,30.57,1927,1.0649,1198,729,729,0,0,0,1,0,29,0,100,0,0,,,,,,3,0.0086,,,,,0,,,,,,0,,,,,0,0,0,0,0,0,,,0,0,,2052,10.9697,0:00:19
2025-09-23,2039,0,137.37,,,2028,2.42,15.58,1917,1.0636,1276,641,635,6,0,0,0,0,1,0,100,0,0,,,,,,12,0.0313,,,,,0,,,,,,0,,,,,0,0,0,0,0,0,,,0,0,,2594,12.7824,0:00:22
2024-04-30,2024,2,93.27,4,5,3563,1.63,29.7,1950,1.0379,1658,292,292,0,0,0,3,1,9,-3,150,0,1,,,,,,166,0.5459,,,,,0,,,,,,0,,,,,0,0,0,0,0,0,,,0,0,,2024,9.3801,0:00:16
2024-11-22,2022,1,94.32,,,5070,3.08,47.04,1817,1.1128,1235,582,582,0,0,0,1,0,3,-5,-150,0,0,,,,,,13,0.0571,,,,,0,,,,,,0,,,,,0,0,0,0,0,0,,,0,0,,2022,8.9641,0:00:15
2025-10-26,2007,0,129.5,,,1788,2.96,26.7,1950,1.0292,1238,712,704,8,0,0,0,0,0,0,,0,0,,,,,,24,0.051,,,,,0,,,,,,0,,,,,0,0,0,0,0,0,,,0,0,,39649,27.6908,0:00:20
2024-03-05,2000,0,149.21,0,2,1864,3.59,38.41,1829,1.0935,1283,546,546,0,0,0,1,1,63,10,86.3,0,0,,,,,,32,0.0967,,,,,0,,,,,,0,,,,,0,0,0,0,0,0,,,0,0,,2000,15.5206,0:00:27
2025-10-10,1993,1,113.77,,,2961,3.51,43.64,1875,1.0629,1163,712,704,8,0,0,1,0,2,1,66.67,0,0,,,,,,9,0.0308,,,,,0,,,,,,0,,,,,0,0,0,0,0,0,,,0,0,,34075,26.2595,0:00:18
2025-11-22,1971,0,163.63,,,2403,2.79,30.97,1840,1.0712,1064,776,764,12,0,0,0,0,-1,0,100,0,0,,,,,,11,0.0258,,,,,0,,,,,,0,,,,,0,0,0,0,0,0,,,0,0,,25451,27.0262,0:00:26
2024-07-31,1946,0,124.36,,,1395,2.01,55.84,1873,1.039,1185,688,688,0,0,0,0,0,56,-18,147.37,0,0,,,,,,1,0.0016,,,,,0,,,,,,0,,,,,0,0,0,0,0,0,,,0,0,,1946,12.2537,0:00:22
2024-08-12,1946,1,114.07,,,1638,3.48,38.32,1806,1.0775,1220,586,586,0,0,0,1,0,29,4,87.88,0,0,,,,,,14,0.0729,,,,,0,,,,,,0,,,,,0,0,0,0,0,0,,,0,0,,1946,9.9182,0:00:18
2024-07-20,1942,1,125.8,,,2149,2.37,29.6,1808,1.0741,1158,650,650,0,0,0,1,0,92,14,86.79,0,0,,,,,,5,0.0311,,,,,0,,,,,,0,,,,,0,0,0,0,0,0,,,0,0,,1942,12.6956,0:00:23
2024-08-14,1939,0,128.22,,,2046,2.59,15,1814,1.0689,1196,618,618,0,0,0,0,0,57,6,90.48,0,0,,,,,,2,0.0047,,,,,0,,,,,,0,,,,,0,0,0,0,0,0,,,0,0,,1939,11.3024,0:00:20
2025-04-16,1933,2,127.52,,,2787,3.12,60.66,1860,1.0392,1037,823,817,6,0,0,2,0,43,8,84.31,0,0,,,,,,9,0.0267,,,,,0,,,,,,0,,,,,0,0,0,0,0,0,,,0,0,,2204,11.1037,0:00:20
2025-05-13,1921,0,99.18,,,2391,5.19,41.93,1691,1.136,1029,662,653,9,0,0,0,0,38,-16,172.73,0,0,,,,,,16,0.0194,,,,,0,,,,,,0,,,,,0,0,0,0,0,0,,,0,0,,2240,8.6147,0:00:15
2025-03-31,1918,2,124.57,,,5977,2.19,42.55,1813,1.0579,1056,757,751,6,0,0,2,0,41,8,83.67,0,0,,,,,,7,0.0179,,,,,0,,,,,,0,,,,,0,0,0,0,0,0,,,0,0,,2229,10.4313,0:00:19
2023-11-14,1917,0,109.19,1,1,15,13.33,100,1881,1.0191,1655,226,226,0,0,0,1,1,3,1,75,0,0,,,,,,0,0,,,,,0,,,,,,0,,,,,0,0,0,0,0,0,,,0,0,,1917,8.7221,0:00:16
2024-08-02,1915,-1,115.16,,,1761,2.21,37.5,1730,1.1069,1074,656,656,0,0,0,0,1,50,-2,104.17,0,0,,,,,,3,0.0173,,,,,0,,,,,,0,,,,,0,0,0,0,0,0,,,0,0,,1915,10.4262,0:00:19
2024-07-25,1912,3,134.62,,,3114,2.22,58.42,1803,1.0605,1146,657,657,0,0,0,5,2,83,28,74.77,0,0,,,,,,2,0.0105,,,,,0,,,,,,0,,,,,0,0,0,0,0,0,,,0,0,,1912,12.364,0:00:23
2024-11-26,1911,1,97.2,,,2578,2.25,55.87,1804,1.0593,1240,564,564,0,0,0,1,0,2,1,66.67,0,1,,,,,,20,0.0557,,,,,0,,,,,,0,,,,,0,0,0,0,0,0,,,0,0,,1911,8.8872,0:00:16
2023-12-01,1906,0,226.78,,,2052,3.22,31.76,1746,1.0916,1350,396,396,0,0,0,1,1,65,-3,104.84,0,0,,,,,,19,0.0961,,,,,0,,,,,,0,,,,,0,0,0,0,0,0,,,0,0,,1906,18.1715,0:00:34
2024-10-04,1905,1,117.65,,,2351,2.93,27.34,1825,1.0438,1197,628,628,0,0,0,1,0,21,-1,105,0,0,,,,,,12,0.0862,,,,,0,,,,,,0,,,,,0,0,0,0,0,0,,,0,0,,1905,10.2207,0:00:19
2025-09-26,1903,1,112.53,,,2864,2.23,25.11,1808,1.0525,1174,634,627,7,0,0,1,0,4,-3,400,1,0,,,,,,20,0.0451,,,,,0,,,,,,0,,,,,0,0,0,0,0,0,,,0,0,,2254,9.757,0:00:18
2024-11-15,1901,0,110.02,,,4025,3.48,54.87,1824,1.0422,1190,634,634,0,0,0,0,0,11,-8,366.67,0,1,,,,,,18,0.0806,,,,,0,,,,,,0,,,,,0,0,0,0,0,0,,,0,0,,1901,9.4774,0:00:17
2024-04-21,1894,0,157.78,,,1381,2.46,25,1706,1.1102,1012,694,694,0,0,0,1,1,26,-10,162.5,0,0,,,,,,5,0.0125,,,,,0,,,,,,0,,,,,0,0,0,0,0,0,,,0,0,,1894,15.2991,0:00:29
2024-06-02,1893,-1,127.78,,,1199,2.75,51.59,1815,1.043,1069,746,746,0,0,0,0,1,29,2,93.55,0,0,,,,,,1,0.0032,,,,,0,,,,,,0,,,,,0,0,0,0,0,0,,,0,0,,1893,12.3098,0:00:23
2024-02-15,1882,2,89.41,0,1,1319,2.5,33.23,1767,1.0651,1366,401,401,0,0,0,2,0,36,0,100,0,1,,,,,,108,0.3493,,,,,0,,,,,,0,,,,,0,0,0,0,0,0,,,0,0,,1882,8.7888,0:00:16
2025-12-01,1879,0,120.29,,,2342,2.09,42.49,1764,1.0652,1049,715,709,6,0,0,1,1,3,-1,150,0,0,,,,,,12,0.0222,,,,,0,,,,,,0,,,,,0,0,0,0,0,0,,,0,0,,24701,25.8862,0:00:19
2025-05-26,1870,0,122.79,,,2337,2.87,62.36,1796,1.0412,1068,728,725,3,0,0,0,0,20,3,86.96,0,0,,,,,,26,0.0726,,,,,0,,,,,,0,,,,,0,0,0,0,0,0,,,0,0,,1959,10.0986,0:00:19
2024-08-13,1869,1,115.12,4,0,3106,1.35,24.58,1734,1.0779,1110,624,624,0,0,0,1,0,39,-5,114.71,0,0,,,,,,11,0.0266,,,,,0,,,,,,0,,,,,0,0,0,0,0,0,,,0,0,,1869,9.6234,0:00:18
2025-09-27,1867,1,109.77,,,2656,2.71,32.86,1785,1.0459,1108,677,670,7,0,0,1,0,10,2,83.33,0,0,,,,,,8,0.0163,,,,,0,,,,,,0,,,,,0,0,0,0,0,0,,,0,0,,2141,9.2966,0:00:17
2025-11-17,1856,1,159.18,,,1915,2.25,39.09,1762,1.0533,1045,717,713,4,0,0,1,0,15,1,93.75,0,0,,,,,,6,0.0122,,,,,0,,,,,,0,,,,,0,0,0,0,0,0,,,0,0,,27690,25.8581,0:00:25
2024-10-25,1837,0,125.05,,,2101,3.95,43.75,1722,1.0668,1130,592,592,0,0,0,0,0,20,7,74.07,0,1,,,,,,15,0.0576,,,,,0,,,,,,0,,,,,0,0,0,0,0,0,,,0,0,,1837,10.3739,0:00:20
2024-02-21,1835,0,115.2,0,1,3143,2.26,23.29,1717,1.0687,1119,598,598,0,0,0,0,0,42,-53,-381.82,0,0,,,,,,9,0.0709,,,,,0,,,,,,0,,,,,0,0,0,0,0,0,,,0,0,,1835,10.1766,0:00:19
2024-12-03,1829,0,110.65,,,3368,2.76,61.28,1702,1.0746,1077,625,625,0,0,0,1,1,9,-1,112.5,1,0,,,,,,14,0.045,,,,,0,,,,,,0,,,,,0,0,0,0,0,0,,,0,0,,1829,9.4289,0:00:18
2024-08-16,1806,0,133.48,,,1264,2.53,53.28,1738,1.0391,1124,614,614,0,0,0,0,0,31,2,93.94,0,0,,,,,,2,0.0072,,,,,0,,,,,,0,,,,,0,0,0,0,0,0,,,0,0,,1806,10.8701,0:00:21
2025-11-07,1805,0,133.81,,,3145,2.51,21.09,1652,1.0926,955,697,689,8,0,0,0,0,4,2,66.67,0,0,,,,,,26,0.0518,,,,,0,,,,,,0,,,,,0,0,0,0,0,0,,,0,0,,20850,23.7664,0:00:21
2024-03-19,1803,4,80.67,0,2,2445,2.94,24.75,1684,1.0707,1267,417,417,0,0,0,4,0,28,-8,140,1,0,,,,,,86,0.2945,,,,,0,,,,,,0,,,,,0,0,0,0,0,0,,,0,0,,1803,7.5211,0:00:15
2025-11-01,1794,2,108.93,,,2628,3.08,32.73,1629,1.1013,964,665,653,12,0,0,2,0,2,1,66.67,0,0,,,,,,7,0.0154,,,,,0,,,,,,0,,,,,0,0,0,0,0,0,,,0,0,,26035,21.2978,0:00:17
2024-11-06,1793,0,146.64,,,2476,3.11,50.44,1725,1.0394,1221,504,504,0,0,0,0,0,21,3,87.5,0,0,,,,,,6,0.0716,,,,,0,,,,,,0,,,,,0,0,0,0,0,0,,,0,0,,1793,11.5198,0:00:23
2025-03-16,1789,-1,115.94,,,4413,1.97,57.66,1677,1.0668,1025,652,652,0,0,0,0,1,18,-12,300,0,0,,,,,,4,0.0128,,,,,0,,,,,,0,,,,,0,0,0,0,0,0,,,0,0,,1789,9.0021,0:00:18
2024-11-05,1779,2,111.12,,,1543,3.31,52.94,1719,1.0349,1198,521,521,0,0,0,2,0,39,17,69.64,0,0,,,,,,11,0.056,,,,,0,,,,,,0,,,,,0,0,0,0,0,0,,,0,0,,1779,8.737,0:00:17
2024-04-09,1775,2,130.01,,,3355,4.29,49.72,1575,1.127,891,684,684,0,0,0,2,0,26,3,89.66,0,0,,,,,,10,0.0326,,,,,0,,,,,,0,,,,,0,0,0,0,0,0,,,0,0,,1775,11.8594,0:00:24
2024-11-30,1763,0,95.56,,,5068,2.6,49.92,1568,1.1244,978,590,590,0,0,0,0,0,8,4,66.67,0,0,,,,,,19,0.0895,,,,,0,,,,,,0,,,,,0,0,0,0,0,0,,,0,0,,1763,7.8175,0:00:15
2024-10-29,1749,0,116.86,,,1712,2.86,56.86,1674,1.0448,1129,545,545,0,0,0,0,0,17,9,65.38,0,0,,,,,,8,0.0258,,,,,0,,,,,,0,,,,,0,0,0,0,0,0,,,0,0,,1749,9.0463,0:00:18
2024-03-10,1747,0,119.1,,,2351,2.64,25.87,1622,1.0771,978,644,644,0,0,0,0,0,42,-17,168,0,0,,,,,,11,0.1017,,,,,0,,,,,,0,,,,,0,0,0,0,0,0,,,0,0,,1747,10.4181,0:00:21
2024-01-18,1733,3,82.6,2,2,731,3.56,35.01,1617,1.0717,1312,305,305,0,0,0,4,1,17,3,85,0,0,,,,,,105,0.4589,,,,,0,,,,,,0,,,,,0,0,0,0,0,0,,,0,0,,1733,7.4537,0:00:15
2024-03-30,1731,-1,138.42,,,4012,1.47,39.27,1628,1.0633,956,672,672,0,0,0,1,2,68,18,79.07,0,0,,,,,,15,0.0613,,,,,0,,,,,,0,,,,,0,0,0,0,0,0,,,0,0,,1731,11.8591,0:00:24
2025-04-24,1729,0,116.73,,,2157,2.83,81.93,1660,1.0416,1064,596,588,8,0,0,0,0,46,11,80.7,0,0,,,,,,25,0.0671,,,,,0,,,,,,0,,,,,0,0,0,0,0,0,,,0,0,,2185,9.0038,0:00:18
2024-03-06,1727,0,117.22,0,1,2369,2.7,37.66,1623,1.0641,1064,559,559,0,0,0,2,2,43,0,100,0,0,,,,,,17,0.0552,,,,,0,,,,,,0,,,,,0,0,0,0,0,0,,,0,0,,1727,10.1388,0:00:21
2023-11-03,1724,0,217.26,,,14,0,,1708,1.0094,1689,19,19,0,0,0,0,0,53,-4,108.16,0,0,,,,,,0,0,,,,,0,,,,,,0,,,,,0,0,0,0,0,0,,,0,0,,1724,15.6064,0:00:32
2025-09-16,1724,0,105.02,,,1376,3.71,61.81,1629,1.0583,1020,609,603,6,0,0,0,0,2,0,100,1,0,,,,,,2,0.005,,,,,0,,,,,,0,,,,,0,0,0,0,0,0,,,0,0,,1777,8.2836,0:00:17
2024-11-09,1718,-1,118.02,,,2666,3.68,51.55,1621,1.0598,1087,534,534,0,0,0,0,1,5,4,55.56,0,0,,,,,,13,0.0458,,,,,0,,,,,,0,,,,,0,0,0,0,0,0,,,0,0,,1718,9.0304,0:00:18
2024-10-11,1710,1,116.16,,,2448,3.27,51.13,1649,1.037,1188,461,461,0,0,0,1,0,19,10,65.52,0,0,,,,,,5,0.0433,,,,,0,,,,,,0,,,,,0,0,0,0,0,0,,,0,0,,1710,8.6212,0:00:18
2024-08-03,1709,-1,160.86,,,2405,1.79,33.05,1603,1.0661,931,672,672,0,0,0,1,2,36,10,78.26,0,0,,,,,,9,0.0319,,,,,0,,,,,,0,,,,,0,0,0,0,0,0,,,0,0,,1709,12.6723,0:00:26
2024-09-18,1706,1,150.36,,,1131,2.3,50,1657,1.0296,1153,504,504,0,0,0,1,0,71,12,85.54,0,0,,,,,,0,0,,,,,0,,,,,,0,,,,,0,0,0,0,0,0,,,0,0,,1706,12.994,0:00:27
2024-08-01,1705,0,118.19,,,1915,2.19,30.31,1610,1.059,1007,603,603,0,0,0,0,0,59,-4,107.27,0,1,,,,,,4,0.0273,,,,,0,,,,,,0,,,,,0,0,0,0,0,0,,,0,0,,1705,10.0802,0:00:21
2024-07-12,1700,-1,130.86,,,1966,2.8,40.61,1593,1.0672,1005,588,588,0,0,0,0,1,41,19,68.33,0,0,,,,,,10,0.112,,,,,0,,,,,,0,,,,,0,0,0,0,0,0,,,0,0,,1700,10.3339,0:00:21
2025-08-30,1690,1,176.06,,,1769,2.6,56.6,1545,1.0939,926,619,615,4,0,0,1,0,7,2,77.78,1,0,,,,,,11,0.0266,,,,,0,,,,,,0,,,,,0,0,0,0,0,0,,,0,0,,1766,13.4075,0:00:28
2024-09-07,1688,0,120.48,,,1926,2.02,39.05,1597,1.057,1125,472,472,0,0,0,0,0,33,-1,103.13,0,0,,,,,,4,0.0117,,,,,0,,,,,,0,,,,,0,0,0,0,0,0,,,0,0,,1688,8.8118,0:00:18
2025-10-28,1682,0,121.59,,,1936,2.53,15.06,1573,1.0693,1012,561,551,10,0,0,0,0,0,1,0,0,0,,,,,,19,0.0133,,,,,0,,,,,,0,,,,,0,0,0,0,0,0,,,0,0,,26870,23.182,0:00:19
2024-02-02,1676,0,125.47,,,1258,3.1,40.55,1572,1.0662,963,609,609,0,0,0,0,0,19,2,90.48,0,0,,,,,,10,0.0385,,,,,0,,,,,,0,,,,,0,0,0,0,0,0,,,0,0,,1676,9.6582,0:00:20
2024-04-12,1674,0,95.76,,,2568,4.48,60.77,1485,1.1273,756,729,729,0,0,0,1,1,21,3,87.5,0,0,,,,,,7,0.0159,,,,,0,,,,,,0,,,,,0,0,0,0,0,0,,,0,0,,1674,8.1023,0:00:17
2025-02-26,1672,2,99.33,,,1887,3.23,29.61,1570,1.065,1023,547,547,0,0,0,2,0,13,4,76.47,0,0,,,,,,8,0.0255,,,,,0,,,,,,0,,,,,0,0,0,0,0,0,,,0,0,,1672,7.4035,0:00:15
2023-11-19,1667,0,191.62,3,0,595,2.69,34.6,1601,1.0412,1429,172,172,0,0,0,0,0,57,16,78.08,0,0,,,,,,23,0.0804,,,,,0,,,,,,0,,,,,0,0,0,0,0,0,,,0,0,,1667,13.3693,0:00:28
2024-10-05,1667,0,108.92,,,2777,2.38,48.17,1599,1.0425,1153,446,446,0,0,0,0,0,21,9,70,0,0,,,,,,5,0.0384,,,,,0,,,,,,0,,,,,0,0,0,0,0,0,,,0,0,,1667,8.2751,0:00:17
2025-11-30,1664,1,118.08,,,2248,2.14,28.6,1564,1.0639,918,646,638,8,0,0,1,0,5,-1,125,0,0,,,,,,30,0.0939,,,,,0,,,,,,0,,,,,0,0,0,0,0,0,,,0,0,,22337,21.3374,0:00:18
2025-11-05,1661,0,105.04,,,3283,1.71,13.02,1514,1.0971,955,559,549,10,0,0,0,0,7,-1,116.67,0,0,,,,,,8,0.01,,,,,0,,,,,,0,,,,,0,0,0,0,0,0,,,0,0,,20244,20.5859,0:00:17
2024-03-31,1647,-1,110.88,,,2409,2.12,45.54,1535,1.073,915,620,620,0,0,0,1,2,43,6,87.76,0,0,,,,,,6,0.0196,,,,,0,,,,,,0,,,,,0,0,0,0,0,0,,,0,0,,1647,9.3471,0:00:20
2024-11-02,1643,1,110.36,,,2576,2.14,37.65,1579,1.0405,1045,534,534,0,0,0,1,0,16,-3,123.08,0,0,,,,,,8,0.0342,,,,,0,,,,,,0,,,,,0,0,0,0,0,0,,,0,0,,1643,7.839,0:00:17
2024-07-06,1632,2,119.32,,,2775,2.49,36.1,1506,1.0837,872,634,634,0,0,0,2,0,41,9,82,0,0,,,,,,7,0.0295,,,,,0,,,,,,0,,,,,0,0,0,0,0,0,,,0,0,,1632,9.3745,0:00:20
2024-06-15,1621,0,145.68,,,2259,2.08,32.41,1449,1.1187,890,559,559,0,0,0,0,0,28,7,80,0,0,,,,,,5,0.0192,,,,,0,,,,,,0,,,,,0,0,0,0,0,0,,,0,0,,1621,11.01,0:00:24
2024-12-04,1614,3,113.94,,,2613,3.06,43.78,1503,1.0739,978,525,525,0,0,0,3,0,33,10,76.74,0,0,,,,,,6,0.0179,,,,,0,,,,,,0,,,,,0,0,0,0,0,0,,,0,0,,1614,8.0899,0:00:18
2025-10-24,1611,0,121.3,,,3219,2.67,22.45,1490,1.0812,911,579,572,7,0,0,0,0,24,1,96,0,0,,,,,,10,0.029,,,,,0,,,,,,0,,,,,0,0,0,0,0,0,,,0,0,,24151,20.9259,0:00:19
2024-03-01,1603,0,145.48,,,2599,2.73,19.47,1368,1.1718,836,532,532,0,0,0,0,0,49,-19,163.33,0,0,,,,,,4,0.0178,,,,,0,,,,,,0,,,,,0,0,0,0,0,0,,,0,0,,1603,11.6828,0:00:26
2024-05-27,1602,-2,195.47,,,1382,4.05,55.28,1500,1.068,942,558,558,0,0,0,0,2,45,10,81.82,0,0,,,,,,7,0.0741,,,,,0,,,,,,0,,,,,0,0,0,0,0,0,,,0,0,,1602,16.1694,0:00:36
2024-11-14,1597,1,111.37,,,3317,3.53,41.65,1485,1.0754,1021,464,464,0,0,0,1,0,25,-3,113.64,0,0,,,,,,12,0.054,,,,,0,,,,,,0,,,,,0,0,0,0,0,0,,,0,0,,1597,8.0474,0:00:18
2025-05-01,1596,-1,135.57,,,2728,3.48,78.9,1494,1.0683,890,604,598,6,0,0,0,1,27,-3,112.5,0,0,,,,,,10,0.0174,,,,,0,,,,,,0,,,,,0,0,0,0,0,0,,,0,0,,2150,9.7959,0:00:21
2024-10-12,1591,0,107.09,,,2860,2.24,41.67,1522,1.0453,1008,514,514,0,0,0,0,0,16,-3,123.08,0,0,,,,,,9,0.0404,,,,,0,,,,,,0,,,,,0,0,0,0,0,0,,,0,0,,1591,7.6156,0:00:17
2025-11-18,1585,0,121.44,,,2402,2.79,41.75,1443,1.0984,834,609,603,6,0,0,1,1,3,0,100,0,0,,,,,,5,0.0084,,,,,0,,,,,,0,,,,,0,0,0,0,0,0,,,0,0,,21671,19.7662,0:00:19
2024-03-12,1578,0,94.54,0,1,1733,4.15,36.23,1451,1.0875,1018,433,433,0,0,0,3,3,20,-14,333.33,0,0,,,,,,28,0.0773,,,,,0,,,,,,0,,,,,0,0,0,0,0,0,,,0,0,,1578,7.1319,0:00:16
2024-05-03,1559,0,131.53,,,2297,1.57,16.93,1446,1.0781,827,619,619,0,0,0,0,0,39,8,82.98,0,0,,,,,,3,0.0081,,,,,0,,,,,,0,,,,,0,0,0,0,0,0,,,0,0,,1559,9.5538,0:00:22
2025-04-15,1559,1,122.29,,,2500,3.64,57.68,1490,1.0463,915,575,569,6,0,0,1,0,32,5,86.49,0,0,,,,,,26,0.0522,,,,,0,,,,,,0,,,,,0,0,0,0,0,0,,,0,0,,1868,8.6708,0:00:19
2025-02-09,1527,1,122.84,,,1305,3.45,57.03,1467,1.0409,962,505,505,0,0,0,1,0,14,1,93.33,0,0,,,,,,6,0.0189,,,,,0,,,,,,0,,,,,0,0,0,0,0,0,,,0,0,,1527,8.1508,0:00:19
2025-11-11,1526,1,117.41,,,2674,2.51,34.62,1381,1.105,871,510,506,4,0,0,1,0,1,2,33.33,0,0,,,,,,18,0.0436,,,,,0,,,,,,0,,,,,0,0,0,0,0,0,,,0,0,,19430,18.6702,0:00:19
2024-05-28,1509,0,122.03,,,1713,3.21,53.71,1429,1.056,888,541,541,0,0,0,0,0,47,2,95.92,0,0,,,,,,6,0.031,,,,,0,,,,,,0,,,,,0,0,0,0,0,0,,,0,0,,1509,9.4837,0:00:22
2025-05-08,1501,0,113.35,,,3240,2.87,38.14,1378,1.0893,868,510,496,14,0,0,0,0,42,-2,105,1,0,,,,,,14,0.0278,,,,,0,,,,,,0,,,,,0,0,0,0,0,0,,,0,0,,1716,7.8472,0:00:18
2024-06-16,1494,1,116.26,,,1653,2.24,19.56,1351,1.1058,838,513,513,0,0,0,2,1,27,-1,103.85,0,0,,,,,,12,0.08,,,,,0,,,,,,0,,,,,0,0,0,0,0,0,,,0,0,,1494,8.0245,0:00:19
2024-06-22,1494,1,112.92,,,2102,3.28,42.22,1368,1.0921,803,565,565,0,0,0,1,0,25,6,80.65,0,0,,,,,,6,0.0202,,,,,0,,,,,,0,,,,,0,0,0,0,0,0,,,0,0,,1494,8.2056,0:00:19
2025-11-12,1486,0,132.05,,,1631,3.19,51.5,1411,1.0532,864,547,540,7,0,0,0,0,4,1,80,0,0,,,,,,13,0.0245,,,,,0,,,,,,0,,,,,0,0,0,0,0,0,,,0,0,,19312,19.7158,0:00:21
2025-10-05,1485,1,140.21,,,1850,2.32,36.16,1401,1.06,911,490,484,6,0,0,1,0,6,-1,120,0,0,,,,,,12,0.042,,,,,0,,,,,,0,,,,,0,0,0,0,0,0,,,0,0,,31086,23.166,0:00:22
2025-11-23,1480,0,110.66,,,3193,2.47,18.09,1365,1.0842,799,566,558,8,0,0,0,0,3,2,60,1,0,,,,,,24,0.0507,,,,,0,,,,,,0,,,,,0,0,0,0,0,0,,,0,0,,20366,17.8412,0:00:18
2024-11-07,1479,-2,120.64,,,2246,2.8,58.02,1393,1.0617,948,445,445,0,0,0,0,2,21,8,72.41,0,0,,,,,,4,0.0162,,,,,0,,,,,,0,,,,,0,0,0,0,0,0,,,0,0,,1479,8.0083,0:00:19
2024-09-28,1471,-1,126.28,,,1901,1.89,61.64,1397,1.053,955,442,442,0,0,0,0,1,26,1,96.3,1,0,,,,,,2,0.0092,,,,,0,,,,,,0,,,,,0,0,0,0,0,0,,,0,0,,1471,8.1072,0:00:19
2025-11-20,1463,2,110.77,,,2231,2.47,25.32,1360,1.0757,799,561,550,11,0,0,2,0,-3,-2,60,0,0,,,,,,3,0.0078,,,,,0,,,,,,0,,,,,0,0,0,0,0,0,,,0,0,,19689,17.9863,0:00:18
2024-03-02,1456,0,111.34,,,1555,3.6,47.71,1357,1.073,836,521,521,0,0,0,0,0,39,-6,118.18,0,0,,,,,,8,0.0164,,,,,0,,,,,,0,,,,,0,0,0,0,0,0,,,0,0,,1456,7.6348,0:00:18
2024-10-01,1452,1,122.26,,,1354,3.03,68,1423,1.0204,1024,399,399,0,0,0,1,0,20,7,74.07,0,0,,,,,,2,0.0064,,,,,0,,,,,,0,,,,,0,0,0,0,0,0,,,0,0,,1452,8.9606,0:00:22
2025-11-19,1452,0,121.97,,,2096,2.81,36.66,1344,1.0804,791,553,542,11,0,0,0,0,4,3,57.14,0,0,,,,,,22,0.0334,,,,,0,,,,,,0,,,,,0,0,0,0,0,0,,,0,0,,19352,18.4493,0:00:19
2025-09-01,1451,0,122.83,,,1130,2.04,59.38,1362,1.0653,789,573,569,4,0,0,0,0,8,0,100,0,0,,,,,,4,0.0039,,,,,0,,,,,,0,,,,,0,0,0,0,0,0,,,0,0,,1482,7.9871,0:00:19
2024-02-08,1446,0,118.89,13,1,1469,1.97,28.53,1394,1.0373,1047,347,347,0,0,0,0,0,29,-7,131.82,0,0,,,,,,74,0.2562,,,,,0,,,,,,0,,,,,0,0,0,0,0,0,,,0,0,,1446,8.6894,0:00:21
2024-07-24,1439,0,112.57,,,1107,3.61,45.6,1395,1.0315,907,488,488,0,0,0,0,0,39,6,86.67,0,0,,,,,,6,0.0219,,,,,0,,,,,,0,,,,,0,0,0,0,0,0,,,0,0,,1439,8.1657,0:00:20
2024-07-14,1435,0,147.11,,,2032,2.41,24.74,1338,1.0725,774,564,564,0,0,0,0,0,41,-45,-1025,0,0,,,,,,11,0.0398,,,,,0,,,,,,0,,,,,0,0,0,0,0,0,,,0,0,,1435,10.0497,0:00:25
2024-02-18,1432,-1,105.4,,,2552,1.45,24.6,1314,1.0898,845,469,469,0,0,0,0,1,25,-96,-35.21,0,0,,,,,,4,0.0077,,,,,0,,,,,,0,,,,,0,0,0,0,0,0,,,0,0,,1432,7.2622,0:00:18
2024-09-16,1431,0,132.76,,,2611,1.57,40.26,1358,1.0538,902,456,456,0,0,0,0,0,42,21,66.67,0,0,,,,,,4,0.029,,,,,0,,,,,,0,,,,,0,0,0,0,0,0,,,0,0,,1431,8.4317,0:00:21
2024-11-23,1430,0,100.41,,,4504,2.24,53.78,1291,1.1077,854,437,437,0,0,0,0,0,69,5,93.24,0,0,,,,,,19,0.0714,,,,,0,,,,,,0,,,,,0,0,0,0,0,0,,,0,0,,1430,6.5848,0:00:16
2024-09-24,1427,0,132.5,,,968,2.89,32.62,1386,1.0296,1070,316,316,0,0,0,1,1,18,4,81.82,0,0,,,,,,3,0.0098,,,,,0,,,,,,0,,,,,0,0,0,0,0,0,,,0,0,,1427,8.6664,0:00:21
2024-03-07,1426,-1,149.76,1,2,3899,2.62,28.81,1227,1.1622,804,423,423,0,0,0,0,1,47,7,87.04,0,0,,,,,,10,0.0333,,,,,0,,,,,,0,,,,,0,0,0,0,0,0,,,0,0,,1426,10.7172,0:00:27
2024-07-27,1424,0,273.38,,,1656,3.2,47.92,1334,1.0675,825,509,509,0,0,0,0,0,40,6,86.96,0,0,,,,,,2,0.0099,,,,,0,,,,,,0,,,,,0,0,0,0,0,0,,,0,0,,1424,18.8168,0:00:47
2025-11-27,1420,1,144.38,,,2781,3.09,45.95,1317,1.0782,783,534,527,7,0,0,1,0,3,0,100,0,0,,,,,,15,0.034,,,,,0,,,,,,0,,,,,0,0,0,0,0,0,,,0,0,,16588,19.4234,0:00:23
2024-10-02,1408,0,143.2,,,1298,2.93,46.25,1397,1.0079,952,445,445,0,0,0,0,0,32,5,86.49,0,0,,,,,,9,0.0373,,,,,0,,,,,,0,,,,,0,0,0,0,0,0,,,0,0,,1408,9.4598,0:00:24
2024-09-19,1407,0,133.81,,,1155,2.51,28.97,1359,1.0353,1103,256,256,0,0,0,0,0,20,-11,222.22,0,0,,,,,,1,0.0144,,,,,0,,,,,,0,,,,,0,0,0,0,0,0,,,0,0,,1407,8.6577,0:00:22
2024-05-31,1405,0,100.46,,,2206,3.35,25.38,1263,1.1124,723,540,540,0,0,0,1,1,37,1,97.37,0,0,,,,,,24,0.0878,,,,,0,,,,,,0,,,,,0,0,0,0,0,0,,,0,0,,1405,7.3347,0:00:18
2024-10-10,1399,0,131.13,,,2086,2.92,51.87,1346,1.0394,952,394,394,0,0,0,1,1,26,1,96.3,0,0,,,,,,7,0.0314,,,,,0,,,,,,0,,,,,0,0,0,0,0,0,,,0,0,,1399,8.2717,0:00:21
2024-10-13,1386,1,136.99,,,2275,2.59,51.92,1289,1.0753,901,388,388,0,0,0,1,0,9,1,90,0,0,,,,,,3,0.0147,,,,,0,,,,,,0,,,,,0,0,0,0,0,0,,,0,0,,1386,8.4215,0:00:21
2024-01-15,1380,-1,109.45,,,706,1.98,26.96,1306,1.0567,827,479,479,0,0,0,0,1,22,-37,-146.67,0,0,,,,,,1,0.0044,,,,,0,,,,,,0,,,,,0,0,0,0,0,0,,,0,0,,1380,7.7278,0:00:20
2025-09-02,1373,0,106.89,,,1597,1.5,19.54,1283,1.0701,784,499,496,3,0,0,0,0,3,-1,150,0,0,,,,,,7,0.0242,,,,,0,,,,,,0,,,,,0,0,0,0,0,0,,,0,0,,1586,6.6933,0:00:17
2025-04-14,1366,1,222.45,,,2173,3.82,58.7,1284,1.0639,699,585,582,3,0,0,2,1,34,2,94.44,0,0,,,,,,15,0.0322,,,,,0,,,,,,0,,,,,0,0,0,0,0,0,,,0,0,,1543,13.4792,0:00:35
2024-05-30,1360,-1,183.9,,,1910,2.72,53.37,1287,1.0567,767,520,520,0,0,0,0,1,21,-12,233.33,0,0,,,,,,3,0.0091,,,,,0,,,,,,0,,,,,0,0,0,0,0,0,,,0,0,,1360,13.1945,0:00:34
2025-10-16,1356,0,163.17,,,1399,2.5,27.14,1262,1.0745,774,488,484,4,0,0,0,0,8,-4,200,0,0,,,,,,7,0.0502,,,,,0,,,,,,0,,,,,0,0,0,0,0,0,,,0,0,,22053,20.7155,0:00:26
2025-11-13,1345,-1,127.56,,,2415,2.03,18.86,1259,1.0683,740,519,516,3,0,0,0,1,4,-1,133.33,0,0,,,,,,10,0.0314,,,,,0,,,,,,0,,,,,0,0,0,0,0,0,,,0,0,,19170,17.8071,0:00:20
2024-09-25,1344,0,118.59,,,618,1.46,68.89,1321,1.0174,997,324,324,0,0,0,0,0,30,3,90.91,0,0,,,,,,2,0.0074,,,,,0,,,,,,0,,,,,0,0,0,0,0,0,,,0,0,,1344,7.8944,0:00:21
2024-11-17,1344,0,112.78,,,2106,2.85,54.7,1308,1.0275,889,419,419,0,0,0,0,0,13,4,76.47,0,0,,,,,,6,0.0272,,,,,0,,,,,,0,,,,,0,0,0,0,0,0,,,0,0,,1344,6.9461,0:00:18
2024-12-12,1333,0,122.12,,,3592,1.42,9.72,1292,1.0317,903,389,389,0,0,0,1,1,40,-3,108.11,0,0,,,,,,7,0.029,,,,,0,,,,,,0,,,,,0,0,0,0,0,0,,,0,0,,1333,7.4925,0:00:20
2024-05-23,1330,0,185.29,,,2416,1.99,34.17,1270,1.0472,884,386,386,0,0,0,0,0,48,13,78.69,0,0,,,,,,11,0.0252,,,,,0,,,,,,0,,,,,0,0,0,0,0,0,,,0,0,,1330,11.0031,0:00:29
2024-11-12,1330,0,127.14,,,1773,3.61,54.68,1289,1.0318,830,459,459,0,0,0,0,0,15,1,93.75,0,0,,,,,,9,0.0335,,,,,0,,,,,,0,,,,,0,0,0,0,0,0,,,0,0,,1330,8.4081,0:00:22
2024-10-18,1317,0,134.89,,,2985,2.48,47.72,1253,1.0511,823,430,430,0,0,0,0,0,18,-14,450,0,0,,,,,,6,0.0172,,,,,0,,,,,,0,,,,,0,0,0,0,0,0,,,0,0,,1317,7.8498,0:00:21
2024-05-11,1315,0,108.97,,,2363,2.33,49.6,1214,1.0832,620,594,594,0,0,0,0,0,21,0,100,0,0,,,,,,6,0.038,,,,,0,,,,,,0,,,,,0,0,0,0,0,0,,,0,0,,1315,6.8008,0:00:18
2024-02-24,1311,1,126.81,,,2253,2.66,36.68,1176,1.1148,714,462,462,0,0,0,2,1,43,-21,195.45,0,0,,,,,,11,0.0288,,,,,0,,,,,,0,,,,,0,0,0,0,0,0,,,0,0,,1311,8.129,0:00:22
2023-11-18,1310,-2,103.68,0,1,677,2.51,40.21,1245,1.0522,1147,98,98,0,0,0,1,3,32,14,69.57,0,0,,,,,,41,0.1365,,,,,0,,,,,,0,,,,,0,0,0,0,0,0,,,0,0,,1310,5.7903,0:00:15
2025-11-16,1302,-1,116.47,,,3055,1.21,12.56,1238,1.0517,725,513,506,7,0,0,0,1,-1,1,,0,0,,,,,,4,0.0242,,,,,0,,,,,,0,,,,,0,0,0,0,0,0,,,0,0,,18860,16.0706,0:00:19
2024-03-18,1300,0,95.84,0,1,1989,2.21,31.49,1218,1.0673,895,323,323,0,0,0,2,2,16,-3,123.08,0,0,,,,,,37,0.1225,,,,,0,,,,,,0,,,,,0,0,0,0,0,0,,,0,0,,1300,6.4804,0:00:17
2025-08-31,1292,0,101.9,,,2873,1.25,34.07,1200,1.0767,677,523,515,8,0,0,2,2,1,0,100,0,0,,,,,,9,0.027,,,,,0,,,,,,0,,,,,0,0,0,0,0,0,,,0,0,,1447,5.9714,0:00:16
2024-09-21,1290,0,158.26,,,1080,2.96,42.48,1228,1.0505,835,393,393,0,0,0,0,0,23,3,88.46,0,0,,,,,,4,0.0146,,,,,0,,,,,,0,,,,,0,0,0,0,0,0,,,0,0,,1290,9.348,0:00:26
2024-09-14,1289,0,136.33,,,966,3.21,55.45,1243,1.037,875,368,368,0,0,0,0,0,15,-2,115.38,0,0,,,,,,1,0.0016,,,,,0,,,,,,0,,,,,0,0,0,0,0,0,,,0,0,,1289,7.6615,0:00:21
2025-09-10,1289,0,190,,,3868,2.59,33.54,1141,1.1297,700,441,430,11,0,0,0,0,0,-2,-0,0,0,,,,,,4,0.0113,,,,,0,,,,,,0,,,,,0,0,0,0,0,0,,,0,0,,1702,11.2648,0:00:31
2024-02-12,1288,-1,103.74,,,399,2.51,44.93,1247,1.0329,707,540,540,0,0,0,0,1,2,0,100,0,0,,,,,,1,0.0045,,,,,0,,,,,,0,,,,,0,0,0,0,0,0,,,0,0,,1288,5.9537,0:00:16
2024-02-25,1286,0,176.46,,,1690,3.55,35.6,1191,1.0798,738,453,453,0,0,0,0,0,29,0,100,1,0,,,,,,4,0.0112,,,,,0,,,,,,0,,,,,0,0,0,0,0,0,,,0,0,,1286,10.8463,0:00:30
2025-09-15,1285,0,108.89,,,3087,1.85,15.06,1167,1.1011,712,455,447,8,0,0,0,0,1,0,100,0,0,,,,,,11,0.0155,,,,,0,,,,,,0,,,,,0,0,0,0,0,0,,,0,0,,1829,6.5078,0:00:17
2025-01-12,1281,0,108.92,,,2467,2.68,39.07,1202,1.0657,720,482,482,0,0,0,1,1,13,6,68.42,0,0,,,,,,3,0.0129,,,,,0,,,,,,0,,,,,0,0,0,0,0,0,,,0,0,,1281,6.5183,0:00:18
2024-04-27,1250,1,154.08,,,2169,2.95,37.99,1163,1.0748,616,547,547,0,0,0,1,0,30,10,75,0,0,,,,,,14,0.0334,,,,,0,,,,,,0,,,,,0,0,0,0,0,0,,,0,0,,1250,9.3926,0:00:27
2024-10-07,1249,0,115.1,,,1918,2.87,45,1205,1.0365,875,330,330,0,0,0,0,0,3,0,100,0,0,,,,,,0,0,,,,,0,,,,,,0,,,,,0,0,0,0,0,0,,,0,0,,1249,6.7897,0:00:19
2025-12-15,1236,,110.37,,,1562,4.03,22.3,0,,,,,,0,0,,,2,1,66.67,0,,,,,,,0,0,,,,,,,,,,,0,,,,,0,0,,,,,,,,,,15508,15.0705,0:00:17
2024-03-04,1235,0,158.13,0,2,1981,3.08,36.39,1155,1.0693,753,402,402,0,0,0,1,1,28,-15,215.38,0,0,,,,,,17,0.0383,,,,,0,,,,,,0,,,,,0,0,0,0,0,0,,,0,0,,1235,9.714,0:00:28
2025-01-05,1218,0,127.02,,,2560,3.05,50.4,1127,1.0807,683,444,444,0,0,0,0,0,32,1,96.97,0,1,,,,,,9,0.0351,,,,,0,,,,,,0,,,,,0,0,0,0,0,0,,,0,0,,1218,7.1345,0:00:21
2023-11-07,1211,0,162.49,,,38,0,0,1168,1.0368,1002,166,166,0,0,0,0,0,49,-18,158.06,0,0,,,,,,0,0,,,,,0,,,,,,0,,,,,0,0,0,0,0,0,,,0,0,,1211,8.199,0:00:24
2024-02-01,1207,2,80.75,0,1,1540,3.31,31.25,1138,1.0606,869,269,269,0,0,0,4,2,12,1,92.31,0,0,,,,,,31,0.105,,,,,0,,,,,,0,,,,,0,0,0,0,0,0,,,0,0,,1207,4.9282,0:00:14
2024-03-17,1207,1,100.46,,,1917,3.29,31.94,1065,1.1333,603,462,462,0,0,0,2,1,17,6,73.91,0,0,,,,,,10,0.0242,,,,,0,,,,,,0,,,,,0,0,0,0,0,0,,,0,0,,1207,6.0405,0:00:18
2024-05-24,1194,-1,120.87,,,1886,3.08,57.87,1098,1.0874,674,424,424,0,0,0,0,1,25,-8,147.06,0,0,,,,,,4,0.0092,,,,,0,,,,,,0,,,,,0,0,0,0,0,0,,,0,0,,1194,6.8316,0:00:20
2024-10-26,1193,0,106.44,,,2203,2.77,60.77,1142,1.0447,731,411,411,0,0,0,1,1,8,7,53.33,0,0,,,,,,8,0.0301,,,,,0,,,,,,0,,,,,0,0,0,0,0,0,,,0,0,,1193,5.5203,0:00:16
2024-04-23,1183,0,186.97,,,1690,2.49,45.27,1112,1.0638,620,492,492,0,0,0,0,0,19,-13,316.67,0,0,,,,,,3,0.01,,,,,0,,,,,,0,,,,,0,0,0,0,0,0,,,0,0,,1183,11.2434,0:00:34
上位 500 件の結果を表示しています
